<?xml version="1.0" encoding="UTF-8"?>
<!--

    Copyright 2005-2013 The Kuali Foundation

    Licensed under the Educational Community License, Version 2.0 (the "License");
    you may not use this file except in compliance with the License.
    You may obtain a copy of the License at

    http://www.opensource.org/licenses/ecl2.php

    Unless required by applicable law or agreed to in writing, software
    distributed under the License is distributed on an "AS IS" BASIS,
    WITHOUT WARRANTIES OR CONDITIONS OF ANY KIND, either express or implied.
    See the License for the specific language governing permissions and
    limitations under the License.

-->
<chapter xml:id="address_type" xmlns:xlink="http://www.w3.org/1999/xlink" xmlns="http://docbook.org/ns/docbook"  version="5.0">
    <title>Address Type</title>
    <para>Administration > Identity > Reference > Address Type </para>
    <para>The Address Type Lookup displays the types of addresses that may be associated with Person
        records in KIM.   </para>
    <note><para>Address types cannot be edited via the interface. Technical assistance is required to add
        new or edit existing address types.</para></note>
    <section>
        <title>Document Layout</title>
        <para><figure><title>Address Type Lookup with results</title>
            <mediaobject>
                <imageobject>
                    <imagedata fileref="../images/help/address_type_lookup.jpg"/>
                </imageobject>
            </mediaobject>
        </figure></para>
        <para/>
        <table frame="none" tabstyle="striped">
            <title>Address Type Lookup results definition</title>
            <tgroup cols="2">
                <colspec colname="c1" colnum="1" colwidth="1.0*"/>
                <colspec colname="c2" colnum="2" colwidth="6.14*"/>
            <thead>
                <row>
                    <entry>Title</entry>
                    <entry>Description</entry>
                </row>
            </thead>
            <tbody>
                <row>
                    <entry>Address Type Code </entry>
                    <entry>Display-only. The unique code for this type of address.</entry>
                </row>
                <row>
                    <entry>Address Type Name </entry>
                    <entry>Display-only. The familiar title of this address type.</entry>
                </row>
                <row>
                    <entry>Display Sort Code</entry>
                    <entry>Display-only. An alphabetical character used to determine the order in which address types are displayed in the dropdown list on the Person document.</entry>
                </row>
                <row>
                    <entry>Active Indicator</entry>
                    <entry>Display-only. Indicates whether this address type is active (in which case
                        the system displays it in the <emphasis role="bold">Address Type</emphasis>
                        dropdown list on the Person document). </entry>
                </row>
            </tbody>
            </tgroup>
        </table>
    </section>
</chapter>
