<?xml version="1.0" encoding="UTF-8"?>
<!--

    Copyright 2005-2013 The Kuali Foundation

    Licensed under the Educational Community License, Version 2.0 (the "License");
    you may not use this file except in compliance with the License.
    You may obtain a copy of the License at

    http://www.opensource.org/licenses/ecl2.php

    Unless required by applicable law or agreed to in writing, software
    distributed under the License is distributed on an "AS IS" BASIS,
    WITHOUT WARRANTIES OR CONDITIONS OF ANY KIND, either express or implied.
    See the License for the specific language governing permissions and
    limitations under the License.

-->
<chapter xml:id="campus" xmlns:xlink="http://www.w3.org/1999/xlink" xmlns="http://docbook.org/ns/docbook"  version="5.0">
    <title>Campus</title>
    <para>Administration > Identity > Locations > Campus</para>
    <para>The CampusMaintenanceDocument is used to identify the different fiscal and physical
        operating entities of an institution. A campus may be identified as a fiscal entity, a
        physical entity, or both.</para>
    <para>When the user chooses the Campus option, the system displays the Campus Lookup screen.
        After the user selects a campus or clicks the <emphasis role="bold">create new</emphasis>
        button, the system presents the CampusMaintenanceDocument.</para>
    <section>
        <title>Document Layout</title>
        <para><figure><title>Campus Maintenance Document, create mode</title>
            <mediaobject>
                <imageobject>
                    <imagedata fileref="../images/help/CampusMaintenanceDocument.png"/>
                </imageobject>
            </mediaobject>
        </figure></para>
        <para>The Campus Maintenance Document includes the <emphasis role="bold">Edit
                Campus</emphasis> tab.</para>
        <para>In edit mode, the<emphasis role="bold"> Edit Campus tab</emphasis> presents a
            display-only set of fields on the left and editable fields on the right in which the
            user may enter changes.</para>
        <para>
            <table frame="none" tabstyle="striped">
                <title>Edit Campus tab definition</title>
                <tgroup cols="2">
                    <colspec colwidth="1.0*"/>
                    <colspec colwidth="1.0*"/>
                <thead>
                    <row>
                        <entry>Title</entry>
                        <entry>Description</entry>
                    </row>
                </thead>
                <tbody>
                    <row>
                        <entry>Campus Code </entry>
                        <entry>Required. The unique identifying code assigned to a campus.</entry>
                    </row>
                    <row>
                        <entry>Campus Name </entry>
                        <entry>Required. The familiar name for a specific university campus.</entry>
                    </row>
                    <row>
                        <entry>Campus Short Name</entry>
                        <entry>Required. An abbreviated name for a specific campus; used in reports in
                            which space is limited.</entry>
                    </row>
                    <row>
                        <entry>Campus Type Code</entry>
                        <entry><para>Required. Indicates the type of campus. Valid values are:</para>
                            <para>B - Both</para><para>F - Fiscal</para><para>P - Physical</para></entry>
                    </row>
                    <row>
                        <entry>Active Indicator</entry>
                        <entry><para>Check box for showing the Campus as an active one for use.</para></entry>
                    </row>
                </tbody>
                </tgroup>
            </table>
        </para>
    </section>
</chapter>
