<?xml version="1.0" encoding="UTF-8"?>
<!--

    Copyright 2005-2013 The Kuali Foundation

    Licensed under the Educational Community License, Version 2.0 (the "License");
    you may not use this file except in compliance with the License.
    You may obtain a copy of the License at

    http://www.opensource.org/licenses/ecl2.php

    Unless required by applicable law or agreed to in writing, software
    distributed under the License is distributed on an "AS IS" BASIS,
    WITHOUT WARRANTIES OR CONDITIONS OF ANY KIND, either express or implied.
    See the License for the specific language governing permissions and
    limitations under the License.

-->
<chapter xml:id="country" xmlns:xlink="http://www.w3.org/1999/xlink" xmlns="http://docbook.org/ns/docbook"  version="5.0">
    <info>
        <title>Country</title>
    </info>
    <para>Administration > Identity > Locations > Country</para>
    <para>The Country Maintenance document is used to assign specific identifying codes to country
        names.</para>
    <para>When the user chooses the <emphasis role="bold">Country</emphasis> option from the menu,
        the system displays the Country Lookup screen. After the user selects a country or clicks
        the <emphasis role="bold">create new</emphasis> button, the system presents the Country
        Maintenance document.</para>
    <section>
        <title>Document Layout</title>
        <para><figure><title>Country Maintenance document, create mode</title>
            <mediaobject>
                <imageobject>
                    <imagedata fileref="../images/help/country_maintenance_document.png"/>
                </imageobject>
            </mediaobject>
        </figure></para>
        <para>The Country Maintenance document includes the <emphasis role="bold">Edit
                Country</emphasis> tab.</para>
        <para>In edit mode, the <emphasis role="bold">Edit Country</emphasis> tab presents a
            display-only set of fields on the left and editable fields on the right in which the
            user may enter changes.</para>
        <para>
            <table frame="none" tabstyle="striped">
                <title>Edit Country tab definition</title>
                <tgroup cols="2">
                <colspec colwidth="1.0*"/>
                <colspec colwidth="1.0*"/>
                <thead>
                    <row>
                        <entry>Title</entry>
                        <entry>Description</entry>
                    </row>
                </thead>
                <tbody>
                    <row>
                        <entry>Country Code</entry>
                        <entry>Required. A unique identifying code assigned to a country.</entry>
                    </row>
                    <row>
                        <entry>Country Name </entry>
                        <entry>
                            Required. A familiar name of a specific country.                           
                        </entry>
                    </row>
                    <row>
                        <entry>Country Restricted Indicator</entry>
                        <entry>Required. Check the box to indicate that that the country is restricted. This has implications for the Purchasing /Accounts Payable module where restricted countries may not be used in Vendor addresses. Clear the check box if it is not.</entry>
                    </row>
                    <row>
                        <entry>Active Indicator</entry>
                        <entry>Indicates whether this country code is active or inactive. Remove the check mark to deactivate this country code. </entry>
                    </row>
                </tbody>
                </tgroup>
            </table>
        </para>
    </section>
</chapter>
