<?xml version="1.0" encoding="UTF-8"?>
<!--

    Copyright 2005-2013 The Kuali Foundation

    Licensed under the Educational Community License, Version 2.0 (the "License");
    you may not use this file except in compliance with the License.
    You may obtain a copy of the License at

    http://www.opensource.org/licenses/ecl2.php

    Unless required by applicable law or agreed to in writing, software
    distributed under the License is distributed on an "AS IS" BASIS,
    WITHOUT WARRANTIES OR CONDITIONS OF ANY KIND, either express or implied.
    See the License for the specific language governing permissions and
    limitations under the License.

-->
<chapter xml:id="phone_type" xmlns:xlink="http://www.w3.org/1999/xlink" xmlns="http://docbook.org/ns/docbook"  version="5.0">
    <info>
        <title>Phone Type</title>
    </info>
    <para>Administration > Identity > Reference > Phone Type</para>
    <para>The Phone Type Lookup displays codes that identify various categories of phone numbers on
        the Person document.</para>
    <note><para> Phone types cannot be edited via the interface. Technical assistance is required to add
        new or edit existing phone types. </para></note>
    <section>
        <title>Document Layout</title>
        <para><figure><title>Phone Type Lookup with results</title><mediaobject>
                <imageobject>
                    <imagedata fileref="../images/help/phone_type_lookup.jpg"/>
                </imageobject>
        </mediaobject>
        </figure></para>
        <para>
            <table frame="none" tabstyle="striped">
                <title>Phone Type Lookup results definition</title>
                <tgroup cols="2">
                <colspec colwidth="1.0*"/>
                <colspec colwidth="1.0*"/>
                <thead>
                    <row>
                        <entry>Title</entry>
                        <entry>Description</entry>
                    </row>
                </thead>
                <tbody>
                    <row>
                        <entry>Phone Type Code </entry>
                        <entry>Display-only. The code that identifies the type of phone number. </entry>
                    </row>
                    <row>
                        <entry>Phone Type Name </entry>
                        <entry>Display-only. The descriptive name for this type of phone number. </entry>
                    </row>
                    <row>
                        <entry>Display Sort Code</entry>
                        <entry>Display-only. An alphabetic value that determines the order in which
                            phone types are displayed in the dropdown list. </entry>
                    </row>
                    <row>
                        <entry>Active Indicator</entry>
                        <entry>Display-only. Indicates whether this phone type is active (in which case
                            the system displays it in the <emphasis role="bold">Phone Type
                            </emphasis>dropdown list on the Person document). </entry>
                    </row>
                </tbody>
                </tgroup>
            </table>
        </para>
    </section>
</chapter>
