<?xml version="1.0" encoding="UTF-8"?><beans xmlns="http://www.springframework.org/schema/beans" xmlns:xsi="http://www.w3.org/2001/XMLSchema-instance" xmlns:p="http://www.springframework.org/schema/p" xsi:schemaLocation="http://www.springframework.org/schema/beans         http://www.springframework.org/schema/beans/spring-beans-2.0.xsd">
<!--

    Copyright 2005-2013 The Kuali Foundation

    Licensed under the Educational Community License, Version 2.0 (the "License");
    you may not use this file except in compliance with the License.
    You may obtain a copy of the License at

    http://www.opensource.org/licenses/ecl2.php

    Unless required by applicable law or agreed to in writing, software
    distributed under the License is distributed on an "AS IS" BASIS,
    WITHOUT WARRANTIES OR CONDITIONS OF ANY KIND, either express or implied.
    See the License for the specific language governing permissions and
    limitations under the License.

-->
  <bean id="Component" parent="Component-parentBean"/>

  <bean id="Component-parentBean" abstract="true" parent="BusinessObjectEntry">
    <property name="dataObjectClass" value="org.kuali.rice.coreservice.impl.component.ComponentBo"/>
    <property name="inquiryDefinition">
      <ref bean="Component-inquiryDefinition"/>
    </property>
    <property name="lookupDefinition">
      <ref bean="Component-lookupDefinition"/>
    </property>
    <property name="titleAttribute" value="name"/>
    <property name="objectLabel" value="Component"/>
    <property name="attributes">
      <list>
        <ref bean="Component-namespaceCode"/>
        <ref bean="Component-code"/>
        <ref bean="Component-name"/>
        <ref bean="Component-active"/>
        <ref bean="Component-namespace-name"/>
      </list>
    </property>
  </bean>

<!-- Attribute Definitions -->


  <bean id="Component-namespaceCode" parent="Component-namespaceCode-parentBean"/>

  <bean id="Component-namespaceCode-parentBean" abstract="true" parent="Namespace-code">
    <property name="name" value="namespaceCode"/>
    <property name="control">
      <bean parent="SelectControlDefinition" p:valuesFinderClass="org.kuali.rice.coreservice.web.namespace.NamespaceValuesFinder" p:includeKeyInLabel="false"/>
    </property>
    <property name="label" value="Namespace Name"/>
    <property name="shortLabel" value="Namespace Nm"/>
  </bean>

  <bean id="Component-code" parent="Component-code-parentBean"/>
  <bean id="Component-code-parentBean" abstract="true" parent="AttributeDefinition">
    <property name="name" value="code"/>
    <property name="forceUppercase" value="false"/>
    <property name="label" value="Component"/>
    <property name="shortLabel" value="Component"/>
    <property name="maxLength" value="100"/>
    <property name="validationPattern">
      <bean parent="AnyCharacterValidationPattern" p:allowWhitespace="true"/>
    </property>
    <property name="required" value="true"/>
    <property name="control">
      <bean parent="TextControlDefinition" p:size="40"/>
    </property>
    <property name="summary" value="Code identifying the Component."/>
    <property name="description" value="Code identifying the Component."/>
  </bean>
  <bean id="Component-name" parent="Component-name-parentBean"/>

  <bean id="Component-name-parentBean" abstract="true" parent="AttributeDefinition">
    <property name="name" value="name"/>
    <property name="forceUppercase" value="false"/>
    <property name="label" value="Component Name"/>
    <property name="shortLabel" value="Component Name"/>
    <property name="maxLength" value="255"/>
    <property name="validationPattern">
      <bean parent="AnyCharacterValidationPattern" p:allowWhitespace="true"/>
    </property>
    <property name="required" value="true"/>
    <property name="control">
      <bean parent="TextControlDefinition" p:size="50"/>
    </property>
    <property name="summary" value="The name of the Component."/>
    <property name="description" value="The name of the Component."/>
  </bean>
  <bean id="Component-active" parent="Component-active-parentBean"/>

  <bean id="Component-active-parentBean" abstract="true" parent="AttributeReferenceDummy-activeIndicator">
    <property name="name" value="active"/>
  </bean>
  <bean id="Component-namespace-name" parent="Component-namespace-name-parentBean"/>

  <bean id="Component-namespace-name-parentBean" abstract="true" parent="AttributeDefinition">
    <property name="name" value="namespace.name"/>
    <property name="label" value="Namespace Name"/>
    <property name="shortLabel" value="Namespace Name"/>
    <property name="control">
      <bean parent="TextControlDefinition" p:size="50"/>
    </property>
  </bean>
<!-- Business Object Inquiry Definition -->


  <bean id="Component-inquiryDefinition" parent="Component-inquiryDefinition-parentBean"/>

  <bean id="Component-inquiryDefinition-parentBean" abstract="true" parent="InquiryDefinition">
    <property name="title" value="Component Inquiry"/>
    <property name="inquirySections">
      <list>
        <bean parent="InquirySectionDefinition">
          <property name="title" value="Component Information"/>
          <property name="numberOfColumns" value="1"/>
          <property name="inquiryFields">
            <list>
              <bean parent="FieldDefinition" p:attributeName="code"/>
              <bean parent="FieldDefinition" p:attributeName="name"/>
              <bean parent="FieldDefinition" p:attributeName="namespace.name"/>
              <bean parent="FieldDefinition" p:attributeName="active"/>
            </list>
          </property>
        </bean>
      </list>
    </property>
    <property name="inquirableClass" value="org.kuali.rice.coreservice.web.component.ComponentInquirableImpl"/>
  </bean>

<!-- Business Object Lookup Definition -->


  <bean id="Component-lookupDefinition" parent="Component-lookupDefinition-parentBean"/>

  <bean id="Component-lookupDefinition-parentBean" abstract="true" parent="LookupDefinition">
    <property name="title" value="Component Lookup"/>
    <property name="lookupableID" value="componentLookupable"/>
    
    <property name="defaultSort">
      <bean parent="SortDefinition">
        <property name="attributeNames">
          <list>
            <value>name</value>
          </list>
        </property>
      </bean>
    </property>
    <property name="lookupFields">
      <list>
        <bean parent="FieldDefinition" p:attributeName="namespaceCode"  p:noLookup="true"/>
        <bean parent="FieldDefinition" p:attributeName="name" p:noLookup="true"/>
        <bean parent="FieldDefinition" p:defaultValue="Y" p:attributeName="active"/>
      </list>
    </property>
    <property name="resultFields">
      <list>
        <bean parent="FieldDefinition" p:attributeName="code"/>
        <bean parent="FieldDefinition" p:attributeName="name"/><!-- p:noInquiry="true" -->
        <bean parent="FieldDefinition" p:attributeName="namespace.name"/>
        <bean parent="FieldDefinition" p:attributeName="active"/>
      </list>
    </property>
  </bean>
</beans>
