<?xml version="1.0" encoding="UTF-8"?><beans xmlns="http://www.springframework.org/schema/beans" xmlns:xsi="http://www.w3.org/2001/XMLSchema-instance" xmlns:p="http://www.springframework.org/schema/p" xsi:schemaLocation="http://www.springframework.org/schema/beans         http://www.springframework.org/schema/beans/spring-beans-2.0.xsd">
<!--

    Copyright 2005-2013 The Kuali Foundation

    Licensed under the Educational Community License, Version 2.0 (the "License");
    you may not use this file except in compliance with the License.
    You may obtain a copy of the License at

    http://www.opensource.org/licenses/ecl2.php

    Unless required by applicable law or agreed to in writing, software
    distributed under the License is distributed on an "AS IS" BASIS,
    WITHOUT WARRANTIES OR CONDITIONS OF ANY KIND, either express or implied.
    See the License for the specific language governing permissions and
    limitations under the License.

-->
  <bean id="Namespace" parent="Namespace-parentBean"/>

  <bean id="Namespace-parentBean" abstract="true" parent="BusinessObjectEntry">
    <property name="dataObjectClass" value="org.kuali.rice.coreservice.impl.namespace.NamespaceBo"/>
    <property name="inquiryDefinition">
      <ref bean="Namespace-inquiryDefinition"/>
    </property>
    <property name="lookupDefinition">
      <ref bean="Namespace-lookupDefinition"/>
    </property>
    <property name="titleAttribute" value="name"/>
    <property name="objectLabel" value="Namespace"/>
    <property name="attributes">
      <list>
        <ref bean="Namespace-code"/>
        <ref bean="Namespace-name"/>
        <ref bean="Namespace-applicationId"/>
        <ref bean="Namespace-active"/>
      </list>
    </property>
  </bean>

<!-- Attribute Definitions -->


  <bean id="Namespace-code" parent="Namespace-code-parentBean"/>

  <bean id="Namespace-code-parentBean" abstract="true" parent="AttributeDefinition">
    <property name="name" value="code"/>
    <property name="forceUppercase" value="true"/>
    <property name="label" value="Namespace Code"/>
    <property name="shortLabel" value="Namespace Cd"/>
    <property name="maxLength" value="20"/>
    <property name="validationPattern">
      <bean parent="AnyCharacterValidationPattern"/>
    </property>
    <property name="required" value="true"/>
    <property name="control">
      <bean parent="TextControlDefinition" p:size="10"/>
    </property>
    <property name="summary" value="Code identifying the namespace"/>
    <property name="description" value="Code identifying the namespace"/>
  </bean>
  <bean id="Namespace-name" parent="Namespace-name-parentBean"/>

  <bean id="Namespace-name-parentBean" abstract="true" parent="AttributeDefinition">
    <property name="name" value="name"/>
    <property name="forceUppercase" value="false"/>
    <property name="label" value="Namespace Name"/>
    <property name="shortLabel" value="Namespace Nm"/>
    <property name="maxLength" value="40"/>
    <property name="validationPattern">
      <bean parent="AnyCharacterValidationPattern" p:allowWhitespace="true"/>
    </property>
    <property name="required" value="true"/>
    <property name="control">
      <bean parent="TextControlDefinition" p:size="40"/>
    </property>
    <property name="summary" value="The name of the namespace"/>
    <property name="description" value="The name of the namespace."/>
  </bean>
  <bean id="Namespace-active" parent="Namespace-active-parentBean"/>

  <bean id="Namespace-active-parentBean" abstract="true" parent="AttributeReferenceDummy-activeIndicator">
    <property name="name" value="active"/>
  </bean>
  <bean id="Namespace-applicationId" parent="Namespace-applicationId-parentBean"/>

  <bean id="Namespace-applicationId-parentBean" abstract="true" parent="AttributeDefinition">
    <property name="forceUppercase" value="false"/>
    <property name="shortLabel" value="Appl Nmspc"/>
    <property name="maxLength" value="20"/>
    <property name="validationPattern">
      <bean parent="AnyCharacterValidationPattern"/>
    </property>
    <property name="required" value="false"/>
    <property name="control">
      <bean parent="TextControlDefinition" p:size="10"/>
    </property>
    <property name="summary" value="The code of the application namespace."/>
    <property name="name" value="applicationId"/>
    <property name="label" value="Application ID"/>
    <property name="description" value="The id of the application which owns this namespace."/>
  </bean>
  

<!-- Business Object Inquiry Definition -->


  <bean id="Namespace-inquiryDefinition" parent="Namespace-inquiryDefinition-parentBean"/>

  <bean id="Namespace-inquiryDefinition-parentBean" abstract="true" parent="InquiryDefinition">
    <property name="title" value="Namespace Inquiry"/>
    <property name="inquirySections">
      <list>
        <bean parent="InquirySectionDefinition">
          <property name="title" value="Namespace Information"/>
          <property name="numberOfColumns" value="1"/>
          <property name="inquiryFields">
            <list>
              <bean parent="FieldDefinition" p:attributeName="code"/>
              <bean parent="FieldDefinition" p:attributeName="name" p:noInquiry="true"/>
              <bean parent="FieldDefinition" p:attributeName="applicationId"/>
              <bean parent="FieldDefinition" p:attributeName="active"/>
            </list>
          </property>
        </bean>
      </list>
    </property>
  </bean>

<!-- Business Object Lookup Definition -->


  <bean id="Namespace-lookupDefinition" parent="Namespace-lookupDefinition-parentBean"/>

  <bean id="Namespace-lookupDefinition-parentBean" abstract="true" parent="LookupDefinition">
    <property name="title" value="Namespace Lookup"/>
    
    <property name="defaultSort">
      <bean parent="SortDefinition">
        <property name="attributeNames">
          <list>
            <value>name</value>
          </list>
        </property>
      </bean>
    </property>
    <property name="lookupFields">
      <list>
        <bean parent="FieldDefinition" p:attributeName="code" p:noLookup="true"/>
        <bean parent="FieldDefinition" p:attributeName="name"/>
        <bean parent="FieldDefinition" p:attributeName="applicationId"/>
        <bean parent="FieldDefinition" p:defaultValue="Y" p:attributeName="active"/>
      </list>
    </property>
    <property name="resultFields">
      <list>
        <bean parent="FieldDefinition" p:attributeName="code" p:forceInquiry="true"/>
        <bean parent="FieldDefinition" p:attributeName="name"/>
        <bean parent="FieldDefinition" p:attributeName="applicationId"/>
        <bean parent="FieldDefinition" p:attributeName="active"/>
      </list>
    </property>
  </bean>
</beans>
