<?xml version="1.0" encoding="UTF-8"?>
<!--

    Copyright 2005-2013 The Kuali Foundation

    Licensed under the Educational Community License, Version 2.0 (the "License");
    you may not use this file except in compliance with the License.
    You may obtain a copy of the License at

    http://www.opensource.org/licenses/ecl2.php

    Unless required by applicable law or agreed to in writing, software
    distributed under the License is distributed on an "AS IS" BASIS,
    WITHOUT WARRANTIES OR CONDITIONS OF ANY KIND, either express or implied.
    See the License for the specific language governing permissions and
    limitations under the License.

-->
<beans xmlns="http://www.springframework.org/schema/beans"
       xmlns:xsi="http://www.w3.org/2001/XMLSchema-instance"
       xmlns:p="http://www.springframework.org/schema/p"
       xsi:schemaLocation="http://www.springframework.org/schema/beans
       http://www.springframework.org/schema/beans/spring-beans-2.0.xsd">


	<bean id="Parameter" parent="Parameter-parentBean"/>

	<bean id="Parameter-parentBean" abstract="true" parent="BusinessObjectEntry">
		<property name="dataObjectClass" value="org.kuali.rice.coreservice.impl.parameter.ParameterBo"/>
		<property name="inquiryDefinition">
			<ref bean="Parameter-inquiryDefinition"/>
		</property>
		<property name="lookupDefinition">
			<ref bean="Parameter-lookupDefinition"/>
		</property>
		<property name="titleAttribute" value="name"/>
		<property name="objectLabel" value="Parameter"/>
		<property name="attributes">
			<list>
				<ref bean="Parameter-namespaceCode"/>
				<ref bean="Parameter-componentCode"/>
				<ref bean="Parameter-applicationId"/>
				<ref bean="Parameter-name"/>
				<ref bean="Parameter-value"/>
				<ref bean="Parameter-description"/>
				<ref bean="Parameter-evaluationOperatorCode"/>
				<ref bean="Parameter-parameterTypeCode"/>
				<ref bean="Parameter-parameterType.name"/>
                <ref bean="Parameter-component.name"/>
			</list>
		</property>
		<property name="relationships">
			<list>
				<bean parent="RelationshipDefinition">
					<property name="objectAttributeName" value="component" />
                    <property name="sourceClass" value="org.kuali.rice.coreservice.impl.parameter.ParameterBo" />
                    <property name="targetClass" value="org.kuali.rice.coreservice.impl.component.ComponentBo" />
					<property name="primitiveAttributes">
						<list>
							<bean parent="PrimitiveAttributeDefinition" p:sourceName="namespaceCode" p:targetName="namespaceCode" />
                            <bean parent="PrimitiveAttributeDefinition" p:sourceName="componentCode" p:targetName="code" />
                            <bean parent="PrimitiveAttributeDefinition" p:sourceName="component.name" p:targetName="name" />
						</list>
					</property>
				</bean>
			</list>
		</property>
	</bean>

	<!-- Attribute Definitions -->


	<bean id="Parameter-namespaceCode" parent="Parameter-namespaceCode-parentBean"/>

	<bean id="Parameter-namespaceCode-parentBean" abstract="true" parent="Namespace-code">
		<property name="name" value="namespaceCode"/>
		<property name="control">
			<bean parent="SelectControlDefinition" p:valuesFinderClass="org.kuali.rice.coreservice.web.namespace.NamespaceValuesFinder" p:includeKeyInLabel="false"/>
		</property>
    <property name="optionsFinderClass" value="org.kuali.rice.coreservice.web.namespace.NamespaceValuesFinder"/>
    <property name="controlField">
      <bean parent="Uif-DropdownControl"/>
    </property>
		<property name="summary" value="The namespace that the parameter is associated with."/>
		<property name="description" value="This value is used to categorize parameters by namespace."/>
	</bean>
	<bean id="Parameter-componentCode" parent="Parameter-componentCode-parentBean"/>

	<bean id="Parameter-componentCode-parentBean" abstract="true" parent="Component-code">
        <property name="name" value="componentCode"/>
	</bean>
	
	<bean id="Parameter-applicationId" parent="Parameter-applicationId-parentBean"/>
	<bean id="Parameter-applicationId-parentBean" abstract="true" parent="AttributeDefinition">
		<property name="name" value="applicationId"/>
		<property name="forceUppercase" value="false"/>
		<property name="label" value="Application ID"/>
		<property name="shortLabel" value="App ID"/>
		<property name="maxLength" value="20"/>
		<property name="validationPattern">
			<bean parent="AlphaNumericValidationPattern" p:allowUnderscore="true"/>
		</property>
		<property name="required" value="true"/>
		<property name="control">
			<bean parent="TextControlDefinition" p:size="20"/>
		</property>
		<property name="summary" value="The application id of the parameter."/>
		<property name="description" value="This will be used as the identifier to determine which application the parameter is used by."/>
	</bean>
	
	<bean id="Parameter-name" parent="Parameter-name-parentBean"/>

	<bean id="Parameter-name-parentBean" abstract="true" parent="AttributeDefinition">
		<property name="name" value="name"/>
		<property name="forceUppercase" value="false"/>
		<property name="label" value="Parameter Name"/>
		<property name="shortLabel" value="Parm Nm"/>
		<property name="maxLength" value="100"/>
		<property name="validationPattern">
			<bean parent="AlphaNumericValidationPattern" p:allowUnderscore="true" p:allowPeriod="true"/>
		</property>
		<property name="required" value="true"/>
		<property name="control">
			<bean parent="TextControlDefinition" p:size="50"/>
		</property>
		<property name="summary" value="The name of the parameter."/>
		<property name="description" value="This will be used as the identifier for the parameter. Parameter                     values will be accessed using this field and the namespace as the key."/>
	</bean>
	<bean id="Parameter-value" parent="Parameter-value-parentBean"/>

	<bean id="Parameter-value-parentBean" abstract="true" parent="AttributeDefinition">
		<property name="name" value="value"/>
		<property name="forceUppercase" value="false"/>
		<property name="label" value="Parameter Value"/>
		<property name="shortLabel" value="Parm Val"/>
		<property name="maxLength" value="4000"/>
		<property name="control">
			<bean parent="TextareaControlDefinition" p:rows="3" p:cols="40"/>
		</property>
		<property name="summary" value="The text associated with this parameter."/>
		<property name="description" value="This field houses the actual value associated with the parameter. This                     is what's returned by the KualiConfigurationService."/>
	</bean>
	<bean id="Parameter-description" parent="Parameter-description-parentBean"/>

	<bean id="Parameter-description-parentBean" abstract="true" parent="AttributeDefinition">
		<property name="name" value="description"/>
		<property name="forceUppercase" value="false"/>
		<property name="label" value="Parameter Description"/>
		<property name="shortLabel" value="Desc"/>
		<property name="maxLength" value="4000"/>
		<property name="required" value="true"/>
		<property name="control">
			<bean parent="TextareaControlDefinition" p:rows="3" p:cols="40"/>
		</property>
		<property name="summary" value="The description of this parameter."/>
		<property name="description" value="This field houses the purpose of this parameter."/>
	</bean>
	<bean id="Parameter-evaluationOperatorCode" parent="Parameter-evaluationOperatorCode-parentBean"/>

	<bean id="Parameter-evaluationOperatorCode-parentBean" abstract="true" parent="AttributeDefinition">
		<property name="name" value="evaluationOperatorCode"/>
		<property name="forceUppercase" value="false"/>
		<property name="label" value="Parameter Constraint Code"/>
		<property name="shortLabel" value="Cons. Code"/>
		<property name="maxLength" value="1"/>
		<property name="required" value="true"/>
		<property name="control">
			<bean parent="RadioControlDefinition" p:valuesFinderClass="org.kuali.rice.coreservice.web.parameter.ParameterOperatorValuesFinder" p:includeKeyInLabel="false"/>
		</property>
		<property name="summary" value="evaluationOperatorCode"/>
		<property name="description" value="evaluationOperatorCode description..."/>
	</bean>
	<bean id="Parameter-parameterTypeCode" parent="Parameter-parameterTypeCode-parentBean"/>

	<bean id="Parameter-parameterTypeCode-parentBean" abstract="true" parent="ParameterType-code">
		<property name="name" value="parameterTypeCode"/>
		<property name="control">
			<bean parent="SelectControlDefinition" p:valuesFinderClass="org.kuali.rice.coreservice.web.parameter.ParameterTypeValuesFinder" p:includeKeyInLabel="false"/>
		</property>
	</bean>
	<bean id="Parameter-parameterType.name" parent="Parameter-parameterType.name-parentBean"/>

	<bean id="Parameter-parameterType.name-parentBean" abstract="true" parent="ParameterType-name">
		<property name="name" value="parameterType.name"/>
		<property name="label" value="Parameter Type"/>
		<property name="required" value="false"/>
	</bean>

	<bean id="Parameter-component.name" parent="Parameter-component.name-parentBean"/>

	<bean id="Parameter-component.name-parentBean" abstract="true" parent="Component-name">
		<property name="name" value="component.name"/>
		<property name="label" value="Component"/>
		<property name="required" value="false"/>
	</bean>

	<!-- Business Object Inquiry Definition -->


	<bean id="Parameter-inquiryDefinition" parent="Parameter-inquiryDefinition-parentBean"/>

	<bean id="Parameter-inquiryDefinition-parentBean" abstract="true" parent="InquiryDefinition">
		<property name="title" value="Parameter Inquiry"/>
		<property name="inquirySections">
			<list>
				<bean parent="InquirySectionDefinition">
					<property name="title" value="Parameter Information"/>
					<property name="numberOfColumns" value="1"/>
					<property name="inquiryFields">
						<list>
                            <bean parent="FieldDefinition" p:attributeName="namespaceCode"/>
							<bean parent="FieldDefinition" p:attributeName="namespace.name"/>
                            <bean parent="FieldDefinition" p:attributeName="component.name"/> <!--  p:noInquiry="true" -->
                            <bean parent="FieldDefinition" p:attributeName="componentCode"/>
							<bean parent="FieldDefinition" p:attributeName="applicationId" />
							<bean parent="FieldDefinition" p:attributeName="name" p:noInquiry="true"/>
							<bean parent="FieldDefinition" p:attributeName="value"/>
							<bean parent="FieldDefinition" p:attributeName="evaluationOperatorCode"/>
							<bean parent="FieldDefinition" p:attributeName="description"/>
							<bean parent="FieldDefinition" p:attributeName="parameterType.name"/>
						</list>
					</property>
				</bean>
			</list>
		</property>
	</bean>

	<!-- Business Object Lookup Definition -->


	<bean id="Parameter-lookupDefinition" parent="Parameter-lookupDefinition-parentBean"/>

	<bean id="Parameter-lookupDefinition-parentBean" abstract="true" parent="LookupDefinition">
		<property name="title" value="Parameter Lookup"/>
		<property name="lookupableID" value="parameterLookupable"/>
		
		<property name="defaultSort">
			<bean parent="SortDefinition">
				<property name="attributeNames">
					<list>
						<value>name</value>
					</list>
				</property>
			</bean>
		</property>
		<property name="lookupFields">
			<list>
				<bean parent="FieldDefinition" p:attributeName="namespaceCode"/>
				<bean parent="FieldDefinition" p:attributeName="component.name"/><!-- p:noLookup="true" -->
                <bean parent="FieldDefinition" p:attributeName="componentCode" p:hidden="true"/>
				<bean parent="FieldDefinition" p:attributeName="applicationId" />
				<bean parent="FieldDefinition" p:attributeName="name" p:noLookup="true"/>
				<bean parent="FieldDefinition" p:attributeName="value"/>
				<bean parent="FieldDefinition" p:attributeName="parameterTypeCode"/>
			</list>
		</property>
		<property name="resultFields">
			<list>
				<bean parent="FieldDefinition" p:attributeName="namespaceCode" p:forceInquiry="true"/>
				<bean parent="FieldDefinition" p:attributeName="component.name" p:maxLength="40"/><!-- p:noInquiry="true" -->
				<bean parent="FieldDefinition" p:attributeName="applicationId" p:maxLength="20"/>
				<bean parent="FieldDefinition" p:attributeName="name" p:maxLength="40" p:forceInquiry="true"/>
				<bean parent="FieldDefinition" p:attributeName="description" p:maxLength="40"/>
				<bean parent="FieldDefinition" p:attributeName="value" p:maxLength="40"/>
				<bean parent="FieldDefinition" p:attributeName="evaluationOperatorCode"/>
			</list>
		</property>
	</bean>
</beans>
