<?xml version="1.0" encoding="UTF-8"?><beans xmlns="http://www.springframework.org/schema/beans" xmlns:xsi="http://www.w3.org/2001/XMLSchema-instance" xmlns:p="http://www.springframework.org/schema/p" xsi:schemaLocation="http://www.springframework.org/schema/beans         http://www.springframework.org/schema/beans/spring-beans-2.0.xsd">
<!--

    Copyright 2005-2013 The Kuali Foundation

    Licensed under the Educational Community License, Version 2.0 (the "License");
    you may not use this file except in compliance with the License.
    You may obtain a copy of the License at

    http://www.opensource.org/licenses/ecl2.php

    Unless required by applicable law or agreed to in writing, software
    distributed under the License is distributed on an "AS IS" BASIS,
    WITHOUT WARRANTIES OR CONDITIONS OF ANY KIND, either express or implied.
    See the License for the specific language governing permissions and
    limitations under the License.

-->
  <bean id="ParameterType" parent="ParameterType-parentBean"/>

  <bean id="ParameterType-parentBean" abstract="true" parent="BusinessObjectEntry">
    <property name="dataObjectClass" value="org.kuali.rice.coreservice.impl.parameter.ParameterTypeBo"/>
    <property name="inquiryDefinition">
      <ref bean="ParameterType-inquiryDefinition"/>
    </property>
    <property name="lookupDefinition">
      <ref bean="ParameterType-lookupDefinition"/>
    </property>
    <property name="titleAttribute" value="name"/>
    <property name="objectLabel" value="Parameter Type"/>
    <property name="attributes">
      <list>
        <ref bean="ParameterType-code"/>
        <ref bean="ParameterType-name"/>
        <ref bean="ParameterType-active"/>
      </list>
    </property>
  </bean>

<!-- Attribute Definitions -->


  <bean id="ParameterType-code" parent="ParameterType-code-parentBean"/>

  <bean id="ParameterType-code-parentBean" abstract="true" parent="AttributeDefinition">
    <property name="name" value="code"/>
    <property name="forceUppercase" value="true"/>
    <property name="label" value="Parameter Type Code"/>
    <property name="shortLabel" value="Type Cd"/>
    <property name="maxLength" value="5"/>
    <property name="validationPattern">
      <bean parent="AlphaNumericValidationPattern" p:maxLength="5"/>
    </property>
    <property name="required" value="true"/>
    <property name="control">
      <bean parent="TextControlDefinition" p:size="6"/>
    </property>
    <property name="summary" value="Code identifying the parameter type."/>
    <property name="description" value="Code identifying the parameter type."/>
  </bean>
  <bean id="ParameterType-name" parent="ParameterType-name-parentBean"/>

  <bean id="ParameterType-name-parentBean" abstract="true" parent="AttributeDefinition">
    <property name="name" value="name"/>
    <property name="forceUppercase" value="false"/>
    <property name="label" value="Parameter Type Name"/>
    <property name="shortLabel" value="Type Nm"/>
    <property name="maxLength" value="40"/>
    <property name="validationPattern">
      <bean parent="AnyCharacterValidationPattern" p:allowWhitespace="true"/>
    </property>
    <property name="required" value="true"/>
    <property name="control">
      <bean parent="TextControlDefinition" p:size="40"/>
    </property>
    <property name="summary" value="The name of the parameter type."/>
    <property name="description" value="The name of the parameter type."/>
  </bean>
  <bean id="ParameterType-active" parent="ParameterType-active-parentBean"/>

  <bean id="ParameterType-active-parentBean" abstract="true" parent="AttributeReferenceDummy-activeIndicator">
    <property name="name" value="active"/>
  </bean>

<!-- Business Object Inquiry Definition -->


  <bean id="ParameterType-inquiryDefinition" parent="ParameterType-inquiryDefinition-parentBean"/>

  <bean id="ParameterType-inquiryDefinition-parentBean" abstract="true" parent="InquiryDefinition">
    <property name="title" value="Parameter Type Inquiry"/>
    <property name="inquirySections">
      <list>
        <bean parent="InquirySectionDefinition">
          <property name="title" value="Parameter Type Information"/>
          <property name="numberOfColumns" value="1"/>
          <property name="inquiryFields">
            <list>
              <bean parent="FieldDefinition" p:attributeName="code"/>
              <bean parent="FieldDefinition" p:attributeName="name"/>
              <bean parent="FieldDefinition" p:attributeName="active"/>
            </list>
          </property>
        </bean>
      </list>
    </property>
  </bean>

<!-- Business Object Lookup Definition -->


  <bean id="ParameterType-lookupDefinition" parent="ParameterType-lookupDefinition-parentBean"/>

  <bean id="ParameterType-lookupDefinition-parentBean" abstract="true" parent="LookupDefinition">
    <property name="title" value="Parameter Type Lookup"/>
    
    <property name="defaultSort">
      <bean parent="SortDefinition">
        <property name="attributeNames">
          <list>
            <value>name</value>
          </list>
        </property>
      </bean>
    </property>
    <property name="lookupFields">
      <list>
        <bean parent="FieldDefinition" p:attributeName="code" p:noLookup="true"/>
        <bean parent="FieldDefinition" p:attributeName="name"/>
        <bean parent="FieldDefinition" p:defaultValue="Y" p:attributeName="active"/>
      </list>
    </property>
    <property name="resultFields">
      <list>
        <bean parent="FieldDefinition" p:attributeName="code" p:forceInquiry="true"/>
        <bean parent="FieldDefinition" p:attributeName="name"/>
        <bean parent="FieldDefinition" p:attributeName="active"/>
      </list>
    </property>
  </bean>
</beans>
