<?xml version="1.0" encoding="UTF-8"?>
<!--

    Copyright 2005-2013 The Kuali Foundation

    Licensed under the Educational Community License, Version 2.0 (the "License");
    you may not use this file except in compliance with the License.
    You may obtain a copy of the License at

    http://www.opensource.org/licenses/ecl2.php

    Unless required by applicable law or agreed to in writing, software
    distributed under the License is distributed on an "AS IS" BASIS,
    WITHOUT WARRANTIES OR CONDITIONS OF ANY KIND, either express or implied.
    See the License for the specific language governing permissions and
    limitations under the License.

-->
<beans xmlns="http://www.springframework.org/schema/beans"
       xmlns:xsi="http://www.w3.org/2001/XMLSchema-instance"
       xmlns:p="http://www.springframework.org/schema/p"
       xsi:schemaLocation="http://www.springframework.org/schema/beans
                           http://www.springframework.org/schema/beans/spring-beans-3.1.xsd">

  <bean id="rice.coreService.parameterRespositoryService.exporter" parent="coreServiceServiceExporter">
    <property name="serviceDefinition">
      <bean parent="coreService"
            p:service-ref="parameterRepositoryService"
            p:localServiceName="parameterRepositoryService"
            p:serviceInterface="org.kuali.rice.coreservice.api.parameter.ParameterRepositoryService"/>
    </property>
  </bean>

  <bean id="rice.coreService.namespaceService.exporter" parent="coreServiceServiceExporter">
    <property name="serviceDefinition">
      <bean parent="coreService"
            p:service-ref="namespaceService"
            p:localServiceName="namespaceService"
            p:serviceInterface="org.kuali.rice.coreservice.api.namespace.NamespaceService"/>
    </property>
  </bean>
  
  <bean id="rice.coreService.componentService.exporter" parent="coreServiceServiceExporter">
    <property name="serviceDefinition">
      <bean parent="coreService"
            p:service-ref="componentService"
            p:localServiceName="componentService"
            p:serviceInterface="org.kuali.rice.coreservice.api.component.ComponentService"/>
    </property>
  </bean>

  <bean id="rice.coreService.styleRepositoryService.exporter" parent="coreServiceServiceExporter">
    <property name="serviceDefinition">
      <bean parent="coreService"
            p:service-ref="styleRepositoryService"
            p:localServiceName="styleRepositoryService"
            p:serviceInterface="org.kuali.rice.coreservice.api.style.StyleRepositoryService"/>
    </property>
  </bean>

</beans>
