<?xml version="1.0" encoding="UTF-8"?>
<!--
    
    Copyright 2005-2013 The Kuali Foundation
    
    Licensed under the Educational Community License, Version 2.0 (the "License");
    you may not use this file except in compliance with the License.
    You may obtain a copy of the License at
    
    http://www.opensource.org/licenses/ecl2.php
    
    Unless required by applicable law or agreed to in writing, software
    distributed under the License is distributed on an "AS IS" BASIS,
    WITHOUT WARRANTIES OR CONDITIONS OF ANY KIND, either express or implied.
    See the License for the specific language governing permissions and
    limitations under the License.
    
-->
<chapter xml:id="KEW_Documents" xmlns:xlink="http://www.w3.org/1999/xlink" xmlns="http://docbook.org/ns/docbook" version="5.0">
        <title>Documents</title>
        <section>
            <title>eDocLite Overview</title>
            <para>eDocLite is a framework designed for rapid development and implementation within
                an existing Kuali Enterprise Workflow infrastructure. It allows for the development
                of simple web applications, their forms and routing configurations using XML. Users
                only have to enter data into the form and then submit it. Rules can be constructed
                so that the form is then routed to a specific user or KIM Group based on the data
                entered.</para>
            <para>Web pages called eDoc's are generated and are associated with a specific document
                type definition that provides the overall definition for how the document can be
                routed. Document types can also exist in hierarchies which provide storage of common
                information at various levels.</para>
            <para>The form uses an XSLT stylesheet to generate the html code. Certain workflow
                classes make helper data available to the stylesheet programmer and there are
                several features that can be 'plugged-in' to eDocLite to further enhance its
                usability in many situations.</para>
            <note>
            <para><emphasis role="bold">Key Ideas</emphasis>:<itemizedlist>
                    <listitem>
                        <para>Rapid implementation and development solution for simpler documents
                        </para>
                    </listitem>
                    <listitem>
                        <para>Easily re-configured </para>
                    </listitem>
                    <listitem>
                        <para>Easily manageable </para>
                    </listitem>
                    <listitem>
                        <para>Entirely web-based from design/development and user perspectives
                        </para>
                    </listitem>
                    <listitem>
                        <para>No java code required for developments; only XML with optional
                            javascript for client side editing (workflow handles execution) </para>
                    </listitem>
                    <listitem>
                        <para>Some validation javascript is automatically generated like regular
                            expression editing and 'required field checking'. </para>
                    </listitem>
            </itemizedlist></para>
            </note>    
        </section>
        <section>
            <title>eDocLite Lookup</title>
            <para>Use the <emphasis role="bold">eDocLite Lookup</emphasis> screen to quickly find
                basic information about eDocLite documents and as the first step in creating a new
                eDocLite. </para>
            <figure><title>Workflow Channel: eDocLite Link</title>
                <mediaobject>
                    <imageobject>
                        <imagedata fileref="../images/KEW_Guide/edoclite_link.png" width="100%" scalefit="1"/>
                    </imageobject>
                </mediaobject></figure>
            <section>
                <title>Finding the eDocLite Lookup Screen</title>
                <para>You can go to the <emphasis role="bold">eDocLite Lookup</emphasis> by:<orderedlist>
                        <listitem>
                            <para>Click the Main Menu tab </para>
                        </listitem>
                        <listitem>
                            <para>Look in the Workflow section </para>
                        </listitem>
                        <listitem>
                            <para>Click eDoc Lite </para>
                        </listitem>
                    </orderedlist></para>
            </section>
            <section>
                <title>eDocLite Lookup</title>
                <figure><title>eDocLite Lookup</title>
                    <mediaobject>
                        <imageobject>
                            <imagedata fileref="../images/KEW_Guide/edoclite_lookup.png" width="100%" scalefit="1"/>
                        </imageobject>
                    </mediaobject>
                </figure>
                <para>On the eDocLite lookup page, users can search for an eDocLite document based
                    on several criteria:</para>
                <para>
                    <table frame="none" tabstyle="striped">
                        <title>eDocLite Lookup Attributes</title>
                        <tgroup cols="2">
                            <colspec colname="c1" colnum="1" colwidth="1.0*"/>
                            <colspec colname="c2" colnum="2" colwidth="1.47*"/>
                            <thead>
                                <row>
                                    <entry>Field</entry>
                                    <entry>Description</entry>
                                </row>
                            </thead>
                            <tbody>
                                <row>
                                    <entry>Id</entry>
                                    <entry>The unique ID number assigned to each document.</entry>
                                </row>
                                <row>
                                    <entry>Document Type</entry>
                                    <entry>The name of the document type, which is specified in the
                                        Document Type attribute of an eDocLite.</entry>
                                </row>
                                <row>
                                    <entry>Definition</entry>
                                    <entry>The name of the EDL XML definition.</entry>
                                </row>
                                <row>
                                    <entry>Style</entry>
                                    <entry>The style specified in the EDL XML file is the style
                                        attribute of an eDocLite. Generally an EDL XML file has only
                                        one definition name which relates to one and only one style
                                        name.</entry>
                                </row>
                                <row>
                                    <entry>Active Indicator</entry>
                                    <entry>You have the choice of searching by the active status of
                                        an eDocLite. </entry>
                                </row>
                            </tbody>
                        </tgroup>
                    </table>
                </para>
                <para>You can use the above criteria to limit your search results. A search will
                    produce a list of one or more results that look similar to the following:</para>
                <figure><title>eDocLite Lookup: Search Results</title>
                    <mediaobject>
                        <imageobject>
                            <imagedata fileref="../images/KEW_Guide/search_results.png" width="100%" scalefit="1"/>
                        </imageobject>
                    </mediaobject>
                </figure>
                <para>Clicking <emphasis role="bold">Create Document</emphasis> on any line takes
                    you to the eDocLite document screen where new documents can be created. The line
                    item you choose will result in that document being used as a template for the
                    new one you are creating. More information on this follows in the section called
                        <emphasis role="bold">Create New eDocLite Document</emphasis>.</para>
                <para>Clicking any underlined Id will take you to the <emphasis role="bold">eDocLite
                        Inquiry</emphasis> screen for that document.</para>
                <note><para>Exporting the output list to XML will give you the option of viewing the XML
                used to produce the list returned from the search.</para>
                    </note>
                    <para>Standard in KEW there is one eDocLite for electronic routing, and new
                    eDocLites can be added based on business requirements. Some of the functions
                    that eDocLites are used for in business include: <itemizedlist>
                        <listitem>
                            <para>Applicant Monitoring </para>
                        </listitem>
                        <listitem>
                            <para>BLSC Request </para>
                        </listitem>
                        <listitem>
                            <para>Course Change Request </para>
                        </listitem>
                        <listitem>
                            <para>Grade Replacement Request </para>
                        </listitem>
                        <listitem>
                            <para>Internship Contract </para>
                        </listitem>
                        <listitem>
                            <para>Interview Request </para>
                        </listitem>
                        <listitem>
                            <para>Mass Mailing Request </para>
                        </listitem>
                        <listitem>
                            <para>Offer Request </para>
                        </listitem>
                        <listitem>
                            <para>Program Plan Update </para>
                        </listitem>
                        <listitem>
                            <para>REGR Access Request </para>
                        </listitem>
                        <listitem>
                            <para>Removal Of Incomplete </para>
                        </listitem>
                        <listitem>
                            <para>Revenue Producing Activity </para>
                        </listitem>
                        <listitem>
                            <para>SUDS Request Document Type </para>
                        </listitem>
                        <listitem>
                            <para>Search Status </para>
                        </listitem>
                        <listitem>
                            <para>Special Credit Request </para>
                        </listitem>
                        <listitem>
                            <para>Student Trip </para>
                        </listitem>
                        <listitem>
                            <para>User Agreement </para>
                        </listitem>
                        <listitem>
                            <para>Unit Change Request </para>
                        </listitem>
                        <listitem>
                            <para>Vacancy Notice </para>
                        </listitem>
                        <listitem>
                            <para>Vehicle Replacement </para>
                        </listitem>
                        <listitem>
                            <para>Waiver Request </para>
                        </listitem>
                        <listitem>
                            <para>New Course Request </para>
                        </listitem>
                    </itemizedlist></para>
            </section>
        </section>
        <section>
            <title>eDocLite Inquiry</title>
            <figure><title>eDocLite Inquiry</title>
                <mediaobject>
                    <imageobject>
                        <imagedata fileref="../images/KEW_Guide/edoclite_inquiry.png" width="100%" scalefit="1"/>
                    </imageobject>
                </mediaobject>
            </figure>
            <para>The Inquiry screen displays the same information as is found on a line of the
                Lookup output, but this screen provides you with the export option. Exporting from
                the Inquiry screen produces a XML file of the source for the eDocLite
                document.</para>
        </section>
        <section>
            <title>Create New eDocLite Document</title>
            <para>To create a new eDocLite document to be routed in KEW, click on <emphasis
                    role="bold">Create Document</emphasis> in the row for eDocLite type wanted. It
                will take users to different forms of eDocLites depending on the document function,
                but they all have three general parts:<itemizedlist>
                    <listitem>
                        <para>Document header </para>
                    </listitem>
                    <listitem>
                        <para>Document body </para>
                    </listitem>
                    <listitem>
                        <para>Routing action and annotation, and note area </para>
                    </listitem>
                </itemizedlist></para>
            <section>
                <title>Document Header</title>
                <para>The Document Header contains the following fields: <table frame="none" tabstyle="striped">
                        <title>Document Header Attributes</title>
                        <tgroup cols="2">
                            <colspec colname="c1" colnum="1" colwidth="1.0*"/>
                            <colspec colname="c2" colnum="2" colwidth="3.08*"/>
                            <thead>
                                <row>
                                    <entry>Field</entry>
                                    <entry>Description</entry>
                                </row>
                            </thead>
                            <tbody>
                                <row>
                                    <entry>Document Type</entry>
                                    <entry>The name defined by the document creator of this type of
                                        eDocLite.</entry>
                                </row>
                                <row>
                                    <entry>Document Status</entry>
                                    <entry>The status of this document based on its routing
                                        status.</entry>
                                </row>
                                <row>
                                    <entry>Create Date</entry>
                                    <entry>The date and time this document is created.</entry>
                                </row>
                                <row>
                                    <entry>Document ID</entry>
                                    <entry>The unique system generated ID for this document.</entry>
                                </row>
                            </tbody>
                        </tgroup>
                    </table></para>
            </section>
            <section>
                <title>Document body</title>
                <para>This portion of the document is where the user identifies the routing and
                    complete business function. </para>
                <para>
                    <table frame="none" tabstyle="striped">
                        <title>Document Body Attributes</title>
                        <tgroup cols="2">
                            <colspec colname="c1" colnum="1" colwidth="1.0*"/>
                            <colspec colname="c2" colnum="2" colwidth="2.92*"/>
                            <thead>
                                <row>
                                    <entry>Field</entry>
                                    <entry>Description</entry>
                                </row>
                            </thead>
                            <tbody>
                                <row>
                                    <entry>Title</entry>
                                    <entry>specifies the actions users are taking on the EDocLite
                                        forms, including <emphasis role="bold">editing</emphasis>
                                        and <emphasis role="bold">reviewing</emphasis>. Other
                                        general information can be stored here such as contact
                                        information, important notes, etc.</entry>
                                </row>
                                <row>
                                    <entry>Form</entry>
                                    <entry>Renders form fields and input areas for the user to
                                        complete information required, depends upon the specific
                                        eDocLite requirements.</entry>
                                </row>
                            </tbody>
                        </tgroup>
                    </table>
                </para>
            </section>
            <section>
                <title>Routing Action and Annotation, and Note area</title>
                <para>This area is used to add annotation and choose action to be taken on this
                    eDocLite document. Annotation is the comments associated with the routing
                    process. You can add them to different nodes of the routing process and take
                    actions on an eDocLite by adding annotations. The annotation appears in the
                    route log of eDocLite as comments. Notes are the comments associated with this
                    specific eDocLite form and appear with the form and not in the route log. </para>
                <para>
                    <table frame="none" tabstyle="striped">
                        <title>Routing Action and Annotation, and Note Attributes</title>
                        <tgroup cols="2">
                            <colspec colname="c1" colnum="1" colwidth="1.0*"/>
                            <colspec colname="c2" colnum="2" colwidth="2.45*"/>
                            <thead>
                                <row>
                                    <entry>Field</entry>
                                    <entry>Description</entry>
                                </row>
                            </thead>
                            <tbody>
                                <row>
                                    <entry>Set annotation</entry>
                                    <entry>The area to add annotation.</entry>
                                </row>
                                <row>
                                    <entry>Action buttons</entry>
                                    <entry>
                                        <itemizedlist>
                                            <listitem>
                                                <para>route: begins and continues routing the
                                                  eDocLite document.</para>
                                            </listitem>
                                            <listitem>
                                                <para>save: saves the information currently on the
                                                  eDocLite document.</para>
                                            </listitem>
                                            <listitem>
                                                <para>cancel: cancels the actions on this eDocLite
                                                  document, and the information on the form is not
                                                  saved.</para>
                                            </listitem>
                                        </itemizedlist>
                                    </entry>
                                </row>
                                <row>
                                    <entry>create note</entry>
                                    <entry>Area where users can add notes and attach documents to
                                        this eDocLite form. This part keeps track of <emphasis
                                            role="bold">Author, Date and time</emphasis>, and the
                                            <emphasis role="bold">Note</emphasis> added. Users have
                                        the right to add, edit and delete the notes they
                                        create.</entry>
                                </row>
                            </tbody>
                        </tgroup>
                    </table>
                </para>
                <para>The following is one example of an eDocLite form:</para>
                <para><inlinemediaobject>
                        <imageobject>
                            <imagedata fileref="../images/KEW_Guide/edoclite_form.png" width="100%" scalefit="1"/>
                        </imageobject>
                    </inlinemediaobject></para>
                <note><para>Notes that have been added to an eDocLite document can be edited or
                    deleted.</para></note>
            </section>
            <section>
                <title>Extendable functions</title>
                <para>eDocLites are highly customizable. New eDocLites can be designed for new
                    business and functional requirements. The document header and routing annotation
                    and notes parts will be same or similar, the form will be different. </para>
                <para>eDocLites can be designed to include following functions:</para>
                <section>
                    <title>Restricted read/write rights</title>
                    <itemizedlist>
                        <listitem>
                            <para>Some fields in eDocLite can be set as <emphasis role="bold"
                                    >GlobalReadOnly</emphasis>. With this setting they are disabled
                                and can't be edited by any user other than the author. </para>
                        </listitem>
                        <listitem>
                            <para>Some fields in eDocLite can be set as <emphasis role="bold"
                                    >ReadOnly</emphasis>, but users with rights can still edit them.
                                After the initiator writes them they are disabled and become locked
                                to some of the users in the routing process. But for users with
                                proper rights in certain nodes in the routing process, the fields
                                will become editable again. These users can take actions on them,
                                such as modify, add, and return to a former routing node.</para>
                        </listitem>
                    </itemizedlist>
                </section>
                <section>
                    <title>Hidden fields</title>
                    <para>To accommodate some business requirements, certain fields and notes can be
                        hidden from certain nodes in the routing process. For instance, some
                        administrative notes on a course waiver request will be hidden from students
                        when s/he gets the eDocLite form in the final stage of the routing
                        process.</para>
                </section>
            </section>
        </section>
</chapter>
