<?xml version="1.0" encoding="UTF-8"?>
<!--

    Copyright 2005-2013 The Kuali Foundation

    Licensed under the Educational Community License, Version 2.0 (the "License");
    you may not use this file except in compliance with the License.
    You may obtain a copy of the License at

    http://www.opensource.org/licenses/ecl2.php

    Unless required by applicable law or agreed to in writing, software
    distributed under the License is distributed on an "AS IS" BASIS,
    WITHOUT WARRANTIES OR CONDITIONS OF ANY KIND, either express or implied.
    See the License for the specific language governing permissions and
    limitations under the License.

-->
<beans xmlns="http://www.springframework.org/schema/beans"
       xmlns:xsi="http://www.w3.org/2001/XMLSchema-instance" 
       xmlns:p="http://www.springframework.org/schema/p" 
       xmlns:aop="http://www.springframework.org/schema/aop"
       xmlns:beans="http://www.springframework.org/schema/beans"
       xmlns:context="http://www.springframework.org/schema/context"
       xmlns:jdbc="http://www.springframework.org/schema/jdbc"
       xmlns:jee="http://www.springframework.org/schema/jee"
       xmlns:jms="http://www.springframework.org/schema/jms"
       xmlns:lang="http://www.springframework.org/schema/lang"
       xmlns:mvc="http://www.springframework.org/schema/mvc"
       xmlns:oxm="http://www.springframework.org/schema/oxm"
       xmlns:task="http://www.springframework.org/schema/task"
       xmlns:tx="http://www.springframework.org/schema/tx"
       xmlns:util="http://www.springframework.org/schema/util"
       xsi:schemaLocation="http://www.springframework.org/schema/aop
                           http://www.springframework.org/schema/aop/spring-aop-3.0.xsd
                           http://www.springframework.org/schema/beans
                           http://www.springframework.org/schema/beans/spring-beans-3.0.xsd
                           http://www.springframework.org/schema/context
                           http://www.springframework.org/schema/context/spring-context-3.0.xsd
                           http://www.springframework.org/schema/jdbc
                           http://www.springframework.org/schema/jdbc/spring-jdbc-3.0.xsd
                           http://www.springframework.org/schema/jee
                           http://www.springframework.org/schema/jee/spring-jee-3.0.xsd
                           http://www.springframework.org/schema/jms
                           http://www.springframework.org/schema/jms/spring-jms-3.0.xsd
                           http://www.springframework.org/schema/lang
                           http://www.springframework.org/schema/lang/spring-lang-3.0.xsd
                           http://www.springframework.org/schema/mvc
                           http://www.springframework.org/schema/mvc/spring-mvc-3.0.xsd
                           http://www.springframework.org/schema/oxm
                           http://www.springframework.org/schema/oxm/spring-oxm-3.0.xsd
                           http://www.springframework.org/schema/task
                           http://www.springframework.org/schema/task/spring-task-3.0.xsd
                           http://www.springframework.org/schema/tx
                           http://www.springframework.org/schema/tx/spring-tx-3.0.xsd
                           http://www.springframework.org/schema/util
                           http://www.springframework.org/schema/util/spring-util-3.0.xsd">

	<!-- Import Dependencies -->
	<import resource="classpath:org/kuali/rice/core/CommonSpringBeans.xml" />
	<import resource="classpath:org/kuali/rice/ksb/config/KsbServiceBusClientSpringBeans.xml" />

	<bean id="rice.ksb.messageDataSource" class="org.kuali.rice.core.framework.persistence.jdbc.datasource.PrimaryDataSourceFactoryBean" lazy-init="true" scope="singleton">
    <!--
       See KULRICE-6574: Some KSB beans not defined unless message persistence turned on.
       The forceLazy property was added to allow the datasource to be created with a lazy proxy
       directly by the factory bean.  The reason for this hack is that the CXF bus is forcing
       all lazy beans to be eagerly initialized. This hack overrides that unwanted behavior, and
       allows the datasource to still be lazy.

       Logic here is that if neither useQuartzDatabase nor message.persistence is true, then we
       shouldn't need this datasource, so we can make it lazy and it should never be init-ed.
    -->
    <property name="forceLazy" value="#{ !(${useQuartzDatabase} or ${message.persistence}) }"/>
		<property name="preferredDataSourceParams">
			<list>
				<value>rice.ksb.message.datasource</value>
			</list>
		</property>
		<property name="preferredDataSourceJndiParams">
			<list>
				<value>rice.ksb.message.datasource.jndi.location</value>
			</list>
		</property>
		<property name="serverDataSource" value="false"/>
	</bean>

	<bean id="rice.ksb.messageNonTransactionalDataSource" class="org.kuali.rice.core.framework.persistence.jdbc.datasource.PrimaryDataSourceFactoryBean" lazy-init="true"  scope="singleton">
    <!--
       See comment on rice.ksb.messageDataSource above forceLazy, KULRICE-6574
    -->
    <property name="forceLazy" value="#{ !(${useQuartzDatabase} or ${message.persistence}) }"/>
		<property name="nullAllowed" value="true"/>
		<property name="nonTransactionalDataSource" value="true"/>
		<property name="preferredDataSourceParams">
			<list>
				<value>rice.ksb.message.nonTransactional.datasource</value>
			</list>
		</property>
		<property name="preferredDataSourceJndiParams">
			<list>
				<value>rice.ksb.message.nonTransactional.datasource.jndi.location</value>
			</list>
		</property>
		<property name="serverDataSource" value="false"/>
	</bean>

	<bean id="rice.ksb.messageHelper" class="org.kuali.rice.ksb.messaging.MessageHelperImpl" lazy-init="true" />

	<bean id="rice.ksb.messageQueueService" class="org.kuali.rice.ksb.messaging.service.impl.MessageQueueServiceImpl" lazy-init="true">
		<property name="messageQueueDao" ref="rice.ksb.messageQueueDao" />
	</bean>

	<bean id="rice.ksb.exceptionMessagingService" class="org.kuali.rice.ksb.messaging.exceptionhandling.DefaultExceptionServiceImpl" lazy-init="true" />

	<bean id="rice.ksb.scheduler" class="org.kuali.rice.ksb.messaging.quartz.KSBSchedulerFactoryBean" destroy-method="stop">
		<property name="jobListeners">
			<list>
				<bean class="org.kuali.rice.ksb.messaging.quartz.MessageServiceExecutorJobListener"/>
			</list>
		</property>
		<property name="quartzProperties">
			<bean class="org.kuali.rice.ksb.messaging.quartz.QuartzConfigPropertiesFactoryBean"/>
		</property>
		<property name="transactionManager" ref="transactionManager"/>
		<property name="dataSource" ref="rice.ksb.messageDataSource"/>
		<property name="nonTransactionalDataSource" ref="rice.ksb.messageNonTransactionalDataSource"/>
        <property name="startupDelay" value="10" />
	</bean>

  	<bean class="org.springframework.aop.framework.autoproxy.BeanNameAutoProxyCreator">
		<property name="interceptorNames">
			<list>
				<idref bean="matchAllTxInterceptor" />
			</list>
		</property>
		<property name="beanNames">
			<list>
				<idref local="rice.ksb.messageQueueService" />
				<idref local="rice.ksb.exceptionMessagingService" />
				<idref local="rice.ksb.scheduler" />
			</list>
		</property>
	</bean>

	<bean id="basicAuthenticationService" parent="basicAuthenticationService-parentBean" />

	<bean id="basicAuthenticationService-parentBean" class="org.kuali.rice.ksb.service.impl.BasicAuthenticationServiceImpl" abstract="true" />

</beans>
