<?xml version="1.0" encoding="UTF-8"?>
<!--

    Copyright 2005-2013 The Kuali Foundation

    Licensed under the Educational Community License, Version 2.0 (the "License");
    you may not use this file except in compliance with the License.
    You may obtain a copy of the License at

    http://www.opensource.org/licenses/ecl2.php

    Unless required by applicable law or agreed to in writing, software
    distributed under the License is distributed on an "AS IS" BASIS,
    WITHOUT WARRANTIES OR CONDITIONS OF ANY KIND, either express or implied.
    See the License for the specific language governing permissions and
    limitations under the License.

-->
<beans xmlns="http://www.springframework.org/schema/beans"
       xmlns:xsi="http://www.w3.org/2001/XMLSchema-instance" 
       xmlns:p="http://www.springframework.org/schema/p" 
       xmlns:cxf="http://cxf.apache.org/core"
       xmlns:http-conf="http://cxf.apache.org/transports/http/configuration"
       xsi:schemaLocation="http://www.springframework.org/schema/beans
                           http://www.springframework.org/schema/beans/spring-beans-3.1.xsd
                           http://cxf.apache.org/core http://cxf.apache.org/schemas/core.xsd
                           http://cxf.apache.org/transports/http/configuration
                           http://cxf.apache.org/schemas/configuration/http-conf.xsd">
	<import resource="classpath:META-INF/cxf/cxf.xml" />
	<import resource="classpath:META-INF/cxf/cxf-extension-soap.xml" />
	<import resource="classpath:META-INF/cxf/cxf-servlet.xml" />

  <cxf:bus>
      <cxf:outInterceptors>
          <bean class="org.kuali.rice.ksb.impl.cxf.interceptors.ServiceCallVersioningOutInterceptor"/>
      </cxf:outInterceptors>
  </cxf:bus>
  
  <http-conf:conduit name="*.http-conduit">
      <http-conf:client ReceiveTimeout="${rice.ksb.cxf.client.receiveTimeout}" />
  </http-conf:conduit>

	<bean id="rice.core.config.propertyPlaceholderConfigurer"
        class="org.springframework.beans.factory.config.PropertyPlaceholderConfigurer"
		    p:properties="#{T(org.kuali.rice.core.api.config.property.ConfigContext).getCurrentContextConfig().getProperties()}" />

	<bean id="rice.ksb.threadPool" class="org.kuali.rice.ksb.messaging.threadpool.KSBThreadPoolImpl" lazy-init="true" />
	
	<bean id="rice.ksb.scheduledThreadPool"
        class="org.kuali.rice.ksb.messaging.threadpool.KSBScheduledThreadPoolExecutor"
        lazy-init="true" />

	<bean id="rice.ksb.instanceId" class="org.kuali.rice.ksb.impl.bus.InstanceIdFactoryBean"/>

	<bean id="rice.ksb.serviceRegistry"
        class="org.kuali.rice.ksb.impl.bus.LazyRemoteServiceRegistryConnector"
        lazy-init="true"
        p:cxfBus-ref="cxf" />
	
	<bean id="rice.ksb.diffCalculator"
        class="org.kuali.rice.ksb.impl.bus.diff.ServiceRegistryDiffCalculatorImpl"
        p:serviceRegistry-ref="rice.ksb.serviceRegistry" />

	<bean id="rice.ksb.serviceBus"
        class="org.kuali.rice.ksb.impl.bus.ServiceBusImpl"
        lazy-init="true"
        p:instanceId-ref="rice.ksb.instanceId"
        p:diffCalculator-ref="rice.ksb.diffCalculator"
        p:serviceRegistry-ref="rice.ksb.serviceRegistry"
        p:serviceExportManager-ref="rice.ksb.serviceExportManager"
        p:scheduledPool-ref="rice.ksb.scheduledThreadPool" />

	<bean id="rice.ksb.serviceExportManager"
        class="org.kuali.rice.ksb.messaging.serviceexporters.ServiceExportManagerImpl"
        lazy-init="true"
        p:cxfBus-ref="cxf"/>

	<bean id="rice.ksb.javaSecurityManagementService"
        class="org.kuali.rice.ksb.security.admin.service.impl.JavaSecurityManagementServiceImpl"
        lazy-init="true" />

	<bean id="rice.ksb.digitalSignatureService"
        class="org.kuali.rice.ksb.security.service.impl.DigitalSignatureServiceImpl"
        lazy-init="true" />

</beans>
