<?xml version="1.0" encoding="UTF-8"?>
<!--
    
    Copyright 2005-2013 The Kuali Foundation
    
    Licensed under the Educational Community License, Version 2.0 (the "License");
    you may not use this file except in compliance with the License.
    You may obtain a copy of the License at
    
    http://www.opensource.org/licenses/ecl2.php
    
    Unless required by applicable law or agreed to in writing, software
    distributed under the License is distributed on an "AS IS" BASIS,
    WITHOUT WARRANTIES OR CONDITIONS OF ANY KIND, either express or implied.
    See the License for the specific language governing permissions and
    limitations under the License.
    
-->
<chapter xml:id="ken_authentication" xmlns:xlink="http://www.w3.org/1999/xlink" xmlns="http://docbook.org/ns/docbook"  version="5.0">
    <title>KEN Authentication</title>
    <section>
        <title>Web</title>
        <para>KEN can support any Web Sign On technology that results in the population of the
            HttpServletRequest remote user variable, exposed via the getRemoteUser accessor. </para>
        <para><emphasis role="bold">public java.lang.String getRemoteUser()</emphasis></para>
        <para>Returns the login of the user making this request, if the user has been
            authenticated, or null if the user has not been authenticated. Whether the user name
            is sent with each subsequent request depends on the browser and type of
            authentication. </para>
        <para><emphasis role="bold">Returns</emphasis>: A <emphasis role="italic"
            >String</emphasis> specifying the login of the user making this request, or
            <emphasis role="italic">null</emphasis>
        </para>
        <para>The generic KEN release comes configured with CAS.</para>
    </section>
    <section>
        <title>Web Services</title>
        <para>Web service authentication is part of the development process and is not
            implemented by the standalone release of Rice. The notification web service is
            Axis-based.</para>
    </section>
</chapter>
