<?xml version="1.0" encoding="UTF-8"?>
<!--
    
    Copyright 2005-2013 The Kuali Foundation
    
    Licensed under the Educational Community License, Version 2.0 (the "License");
    you may not use this file except in compliance with the License.
    You may obtain a copy of the License at
    
    http://www.opensource.org/licenses/ecl2.php
    
    Unless required by applicable law or agreed to in writing, software
    distributed under the License is distributed on an "AS IS" BASIS,
    WITHOUT WARRANTIES OR CONDITIONS OF ANY KIND, either express or implied.
    See the License for the specific language governing permissions and
    limitations under the License.
    
-->
<chapter xml:id="ken_producers" xmlns:xlink="http://www.w3.org/1999/xlink" xmlns="http://docbook.org/ns/docbook"  version="5.0"> 
    <title>KEN Producers</title>
    <para>A KEN Producer submits notifications for processing through the system. An example of
        a Producer would be a mailing daemon that represents messages sent from a University
        Library System. </para>
    <para>Characteristics of a Producer:<itemizedlist>
        <listitem>
            <para>Producers create and send notifications to a specific destination through
                various Channels. </para>
        </listitem>
        <listitem>
            <para>Each Producer contains a list of Channels that it may send notifications
                to. </para>
        </listitem>
        <listitem>
            <para>Producer Definitions are stored in the database table KREN_PRODCR_T.
            </para>
        </listitem>
    </itemizedlist></para>
    <para>
        <table frame="none" tabstyle="striped">
            <title>KREN_PRODCR_T</title>
            <tgroup cols="2">
                <colspec colname="c1" colnum="1" colwidth="0.5*"/>
                <colspec colname="c2" colnum="2" colwidth="1.0*"/>
                <thead>
                    <row>
                        <entry>Column</entry>
                        <entry>Description</entry>
                    </row>
                </thead>
                <tbody>
                    <row>
                        <entry>CNTCT_INFO</entry>
                        <entry>The email address identifying the Producer of the
                            Notification.</entry>
                    </row>
                    <row>
                        <entry>DESC_TXT</entry>
                        <entry>A Description of the Producer.</entry>
                    </row>
                    <row>
                        <entry>NM</entry>
                        <entry>Name of the Producer.</entry>
                    </row>
                    <row>
                        <entry>PRODCR_ID</entry>
                        <entry>The Producer's Channel Identifier. See the KREN_CHNL_PRODCR_T
                            table found in the database for more information on how Producers
                            link to Channels.</entry>
                    </row>
                    <row>
                        <entry>VER_NBR</entry>
                        <entry>Version Number for the Producer.</entry>
                    </row>
                </tbody>
            </tgroup>
        </table>
    </para>
    <section>
        <title>Adding Producers</title>
        <para>The Producer can be added through direct access to the data store. To add a
            Producer run the following SQL statement against the data store customizing value
            entries to your needs:</para>
        <programlisting>INSERT INTO KREN_PRODCR_T (CNTCT_INFO,DESC_TXT,NM,PRODCR_ID,VER_NBR)
  VALUES ('kuali-ken-testing@cornell.edu','This producer represents messages sent from the general message sending forms.','Notification System',1,1)
</programlisting>
    </section>
</chapter>
