<?xml version='1.0' encoding='UTF-8'?>
<!--

    Copyright 2005-2013 The Kuali Foundation

    Licensed under the Educational Community License, Version 2.0 (the "License");
    you may not use this file except in compliance with the License.
    You may obtain a copy of the License at

    http://www.opensource.org/licenses/ecl2.php

    Unless required by applicable law or agreed to in writing, software
    distributed under the License is distributed on an "AS IS" BASIS,
    WITHOUT WARRANTIES OR CONDITIONS OF ANY KIND, either express or implied.
    See the License for the specific language governing permissions and
    limitations under the License.

-->
<book xmlns="http://docbook.org/ns/docbook" xmlns:xlink="http://www.w3.org/1999/xlink" version="5.0">
  <info>
    <title> Kuali Rice ${project.version} Kuali Service Bus</title>
    <legalnotice><para>Some of the documentation in this guide has not been updated to reflect changes for
      ${project.version}. If you find a problem, please <link xlink:href="http://site.kuali.org/rice/${project.version}/reference/html/Intro_To_Rice.html#reporting_rice_jira">report
        it in Jira</link> and set the component to Documentation. Indicate the guide and
      section that has the problem in the Jira. Thanks for your help in improving the
      documentation!</para></legalnotice>
  </info>
  <xi:include xmlns:xi="http://www.w3.org/2001/XInclude"  href="../KSB_Guide/KSB_Overview.xml" />
  <xi:include xmlns:xi="http://www.w3.org/2001/XInclude"  href="../KSB_Guide/KSB_MessageQueue.xml" />
  <xi:include xmlns:xi="http://www.w3.org/2001/XInclude"  href="../KSB_Guide/KSB_ThreadPool.xml" />
  <xi:include xmlns:xi="http://www.w3.org/2001/XInclude"  href="../KSB_Guide/KSB_ServiceRegistry.xml" />
  <xi:include xmlns:xi="http://www.w3.org/2001/XInclude"  href="../KSB_Guide/KSB_PessimisticLocking.xml" />
  <xi:include xmlns:xi="http://www.w3.org/2001/XInclude"  href="../KSB_Guide/KSB_Quartz.xml" />
  <xi:include xmlns:xi="http://www.w3.org/2001/XInclude"  href="../KSB_Guide/KSB_Security.xml" />
  <xi:include xmlns:xi="http://www.w3.org/2001/XInclude"  href="../KSB_Guide/KSB_SSProtocols.xml" />
  <xi:include xmlns:xi="http://www.w3.org/2001/XInclude"  href="../KSB_Guide/KSB_ConfigSpring.xml" />
  <xi:include xmlns:xi="http://www.w3.org/2001/XInclude"  href="../KSB_Guide/KSB_ConfigQuartz.xml" />
  <xi:include xmlns:xi="http://www.w3.org/2001/XInclude"  href="../KSB_Guide/KSB_AcqInvServices.xml" />
  <xi:include xmlns:xi="http://www.w3.org/2001/XInclude"  href="../KSB_Guide/KSB_Failover.xml" />
  <xi:include xmlns:xi="http://www.w3.org/2001/XInclude"  href="../KSB_Guide/KSB_ExceptionMessaging.xml" />
  <xi:include xmlns:xi="http://www.w3.org/2001/XInclude"  href="../KSB_Guide/KSB_MessagingParadigms.xml" />
  <xi:include xmlns:xi="http://www.w3.org/2001/XInclude"  href="../KSB_Guide/KSB_LoadBalancing.xml" />
  <xi:include xmlns:xi="http://www.w3.org/2001/XInclude"  href="../KSB_Guide/KSB_ObjectRemoting.xml" />
  <xi:include xmlns:xi="http://www.w3.org/2001/XInclude"  href="../KSB_Guide/KSB_PublishingServices.xml" />
  <xi:include xmlns:xi="http://www.w3.org/2001/XInclude"  href="../KSB_Guide/KSB_ResourceLoader.xml" />
  <xi:include xmlns:xi="http://www.w3.org/2001/XInclude"  href="../KSB_Guide/KSB_QueueAndTopicInvocation.xml" />
  <xi:include xmlns:xi="http://www.w3.org/2001/XInclude"  href="../KSB_Guide/KSB_Parameters.xml" />
  <xi:include xmlns:xi="http://www.w3.org/2001/XInclude"  href="../KSB_Guide/KSB_JAX-RS.xml" />
  <xi:include xmlns:xi="http://www.w3.org/2001/XInclude"  href="../KSB_Guide/KSB_Bus_Security.xml" />
  <xi:include xmlns:xi="http://www.w3.org/2001/XInclude"  href="../KSB_Guide/KSB_Cache.xml" />
  <xi:include xmlns:xi="http://www.w3.org/2001/XInclude" href="../common/glossary.xml"/>

</book>
