<?xml version="1.0" encoding="UTF-8"?>
<!--

    Copyright 2005-2013 The Kuali Foundation

    Licensed under the Educational Community License, Version 2.0 (the "License");
    you may not use this file except in compliance with the License.
    You may obtain a copy of the License at

    http://www.opensource.org/licenses/ecl2.php

    Unless required by applicable law or agreed to in writing, software
    distributed under the License is distributed on an "AS IS" BASIS,
    WITHOUT WARRANTIES OR CONDITIONS OF ANY KIND, either express or implied.
    See the License for the specific language governing permissions and
    limitations under the License.

-->
<article xmlns="http://docbook.org/ns/docbook" xmlns:xlink="http://www.w3.org/1999/xlink" version="5.0">
    <info>
        <title>Kuali Rice ${project.version} Release Notes</title>
        <edition>${project.version}</edition>
        <pubdate>Released: ${docbook.build.timestamp}</pubdate>
    </info>
    <section xml:id="overview" xreflabel="Overview">
        <title>Overview</title>
        <para>Welcome to Rice ${project.version}! </para>
        <section>
            <title>Release Highlights</title>
            <para>This version of Rice includes many improvements to the Kuali Rapid Application
        Development (KRAD) Framework. Below is a summary of the larger changes, impacting and
        non-impacting changes are described later in the document in more detail and you can review
        the Jira list at the end of this document to see a list of all items addressed in this
        release.</para>
            <para>
                <itemizedlist>
                    <title>Highlights of this release include:</title>
                    <listitem>
                        <simpara>Support for Java 7</simpara>
                    </listitem>
                    <listitem>
                        <simpara>Rewrite of Breadcrumbs and History Functionality (<link
                                xlink:href="https://jira.kuali.org/browse/KULRICE-8630"
                                >KULRICE-8630</link>)</simpara>
                    </listitem>
                    <listitem>
                        <simpara>Page Titling Redesign (<link
                                xlink:href="https://jira.kuali.org/browse/KULRICE-8868"
                                >KULRICE-8868</link>)</simpara>
                    </listitem>
                    <listitem>
                        <simpara>Improved Session Support (<link
                                xlink:href="https://jira.kuali.org/browse/KULRICE-8866"
                                >KULRICE-8866</link>)</simpara>
                    </listitem>
                    <listitem>
                        <simpara>Back Button Support for Javascript Actions (<link
                                xlink:href="https://jira.kuali.org/browse/KULRICE-8866"
                                >KULRICE-8876</link>)</simpara>
                    </listitem>
                    <listitem>
                        <simpara>Unique Bookmarkable URLs for Pages (<link
                                xlink:href="https://jira.kuali.org/browse/KULRICE-8875"
                                >KULRICE-8875</link>)</simpara>
                    </listitem>
                    <listitem>
                        <simpara>Validation Framework Improvements (<link
                                xlink:href="https://jira.kuali.org/browse/KULRICE-8917"
                                >KULRICE-8917</link>)</simpara>
                    </listitem>
                    <listitem>
                        <simpara>Rewrite of Dirty Fields (<link
                                xlink:href="https://jira.kuali.org/browse/KULRICE-7998"
                                >KULRICE-7998</link>)</simpara>
                    </listitem>
                    <listitem>
                        <simpara>Added Bootstrap and Less libraries and Removed Fluid and
                            Infusion</simpara>
                    </listitem>
                    <listitem>
                        <simpara>Documentation Restructured from Technical Guide and User's Guide to
                            Module-based Books</simpara>
                    </listitem>
                    <listitem>
                        <simpara>Lookup Improvements for KNS Equivalency</simpara>
                    </listitem>
                    <listitem>
                        <simpara>Many Performance Improvements</simpara>
                    </listitem>
                    <listitem>
                        <simpara>Numerous bug fixes and minor improvements</simpara>
                    </listitem>
                </itemizedlist>
            </para>
        </section>
        <section>
            <title>Download</title>
            <para>Kuali Rice ${project.version} can be downloaded from the Rice website at <link xlink:show="new" xlink:href="http://kuali.org/rice/download">http://kuali.org/rice/download</link>.</para>
            <para>There are three different distributions of Rice available: source, binary and
                server. Please read the <link xlink:href="http://site.kuali.org/rice/${project.version}/reference/html/IG.html">Installation Guide</link> for
                more details on each of these distributions.</para>
            <para>Applications can also consume Rice from the maven site at <link
                    xlink:href="http://search.maven.org/#search|ga|1|org.kuali.rice"
                    >http://search.maven.org/#search|ga|1|org.kuali.rice</link>.</para>
        </section>
        <section>
            <title>Documentation</title>
            <para>API Documentation can be found at <link xlink:show="new" xlink:href="http://site.kuali.org/rice/${project.version}/apidocs/index.html">http://site.kuali.org/rice/${project.version}/apidocs/index.html</link></para>
            <para>Formal documentation can be found at <link xlink:show="new"
                    xlink:href="http://site.kuali.org/rice/${project.version}/reference/html/index.html"
                    >http://site.kuali.org/rice/${project.version}/reference/html/index.html</link>.
                This documentation is still in the process of review and update  which will continue
                through subsequent releases, so please follow the notes in each document to report
                any outdated information.</para>
        </section>
        <section>
            <title>Contact</title>
            <para>If you encounter any difficulty, please don't hesitate to contact the Rice team on
                our public collaboration mailing list at <email>rice.collab@kuali.org</email>.
                Please indicate that you are using the ${project.version} version of Rice.</para>
        </section>
    </section>
    <section>
        <title>Library Changes</title>
        <itemizedlist>
            <listitem>
                <para>jquery-form upgraded from 2.64 to 2.31.0</para>
            </listitem>
            <listitem>
                <para>Added Bootstrap and Less libraries </para>
            </listitem>
            <listitem>
                <para>Removed Fluid and Infusion libraries</para>
            </listitem>
        </itemizedlist>
    </section>
    <section>
        <title>Impacting Changes</title>
        <section>
            <title>Bootstrap added as default library, Fluid removed</title>
            <itemizedlist>
                <listitem>
                    <para>The fluid CSS files and infusion JavaScript library have been removed from
                        the default theme. If you wish to continue using these you will need to
                        download and add to your custom theme. </para>
                </listitem>
                <listitem>
                    <para>In addition, the Reorderer component was removed from KRAD since it was
                        implemented using the Fluid infusion library.</para>
                </listitem>
                <listitem>
                    <para><emphasis role="bold">This change includes widespread changes to styling
                            of KRAD as a whole, and elimination of many uif- css classes on
                            components to a single most specific class</emphasis><itemizedlist>
                            <listitem>
                                <para>This may require changes to your custom css to select groups
                                    and fields by their data-role attribute instead of by class
                                    name</para>
                            </listitem>
                            <listitem>
                                <para>Many margins, padding, and font styles were changed which may
                                    have a heavy impact on more divergent layouts if they are
                                    inheriting these</para>
                            </listitem>
                            <listitem>
                                <para>Additional default styles added and removed may have large
                                    impact on heavily customized themes</para>
                            </listitem>
                            <listitem>
                                <para>Styling of the navigation menu and tabs was completely
                                    changed</para>
                            </listitem>
                            <listitem>
                                <para>Button styling was completely changed and is now backed by
                                    bootstrap styling/naming</para>
                            </listitem>
                        </itemizedlist></para>
                </listitem>
            </itemizedlist>
        </section>
        <section>
            <title>Breadcrumb Changes</title>
            <itemizedlist>
                <listitem>
                    <para>Breadcrumbs have been completely overhauled:<itemizedlist>
                            <listitem>
                                <para>various properties of the Breadcrumbs widget have been
                                    removed. </para>
                            </listitem>
                            <listitem>
                                <para>BreadcrumbOptions have been added to allow full control over
                                    how breadcrumbs appear</para>
                            </listitem>
                            <listitem>
                                <para>If no customizations to the past breadcrumbs were made, this
                                    transition should be seamless</para>
                            </listitem>
                            <listitem>
                                <para>breadcrumb.ftl was added to represent a single
                                    breadcrumb</para>
                            </listitem>
                            <listitem>
                                <para>homewardPath should now be controlled through either
                                    parentLocation options or preViewBreadcrumb options</para>
                            </listitem>
                            <listitem>
                                <para>breadcrumbs are now tied directly to a Page (as opposed to a
                                    View).  Relevant options will always be pulled from the page's
                                    breadcrumbOptions (non-render specific properties can be
                                    inherited from the View setting).</para>
                            </listitem>
                        </itemizedlist></para>
                </listitem>
                <listitem>
                    <para>BreadcrumbOptions was split into BreadcrumbOptions (for View) and
                        PageBreadcrumbOptions (for Page), the difference being that the render
                        options are only at the page level (they were only ever consumed at the page
                        level before, this is a change for clarity).</para>
                </listitem>
                <listitem>
                    <para>A group that appears above the Breadcrumbs of a View was added to the
                        layout (called topGroup).</para>
                </listitem>
            </itemizedlist>
        </section>
        <section>
            <title>Class moves due to KRAD split work</title>
            <itemizedlist>
                <listitem>
                    <para>GlobalResourceLoaderServiceFactoryBean moved from
                        impl/src/main/java/org/kuali/rice/krad/config
                        to core/framework/src/main/java/org/kuali/rice/core/framework/resourceloader</para>
                </listitem>
                <listitem>
                    <para>InfrastructureException removed</para>
                </listitem>
                <listitem>
                    <para>org.kuali.rice.krad.exception in impl moved to krad-app-framework</para>
                </listitem>
                <listitem>
                    <para>Moved fields in AttributeReferenceElements to AttributeReferenceDummy,
                        then removed AttributeReferenceElements</para>
                </listitem>
                <listitem>
                    <para>Renamed AttributeReferenceDummy to AttributeReference (and
                        AttributeReferenceDummy.xml to AttributeReference.xml). Beans still can be
                        reference with 'AttributeReferenceDummy')</para>
                </listitem>
                <listitem>
                    <para>Removed AttributeReferenceDummyTest</para>
                </listitem>
                <listitem>
                    <para>Moved LookupResults from (impl) org.kuali.rice.krad.bo to
                        org.kuali.rice.kns.lookup</para>
                </listitem>
                <listitem>
                    <para>Moved SelectedObjectIds and MultipleValueLookupMetadata from
                        (krad-app-framework) org.kuali.rice.krad.bo to (impl)
                        org.kuali.rice.kns.lookup</para>
                </listitem>
                <listitem>
                    <para>Moved ConfigurationServiceImpl from (impl)
                        org.kuali.rice.krad.service.impl to org.kuali.rice.kns.service.impl</para>
                </listitem>
                <listitem>
                    <para>Create new impl ConfigurationServiceImpl in (core-impl)
                        org.kuali.rice.core.impl.services that just picks up config files</para>
                </listitem>
                <listitem>
                    <para>Removed DuplicateKeyException and PropertiesException, changed to
                        RiceRuntimeException</para>
                </listitem>
                <listitem>
                    <para>Moved getKualiConfigurationService from KRADServiceLocator to
                        CoreApiServiceLocator</para>
                </listitem>
                <listitem>
                    <para>Moved ModuleServiceNotFoundException from (impl)
                        org.kuali.rice.krad.service to (krad-web)
                        org.kuali.rice.krad.exception</para>
                </listitem>
                <listitem>
                    <para>Moved IfExistsFactoryBean and NamedOrderedListBean from (impl)
                        org.kuali.rice.krad.util.spring to (core-framework)
                        org.kuali.rice.core.framework.util.spring</para>
                </listitem>
                <listitem>
                    <para>Moved AttributeReference from (impl) org.kuali.rice.krad.bo to (krad-web)
                        org.kuali.rice.krad.datadictionary</para>
                </listitem>
                <listitem>
                    <para>Moved (impl) org.kuali.rice.krad.workflow.atribute to (impl)
                        org.kuali.rice.kns.workflow.attribute</para>
                </listitem>
                <listitem>
                    <para>Moved (impl) WorkflowAttributePropertyREsolutionService(Impl) from
                        org.kuali.rice.krad.workflow.service to
                        org.kuali.rice.kns.workflow.service</para>
                </listitem>
                <listitem>
                    <para>Moved (impl) WorkflowUtils from org.kuali.rice.krad.workflow to
                        org.kuali.rice.kns.workflow.</para>
                </listitem>
            </itemizedlist>
        </section>
        <section>
            <title>Copying of components reimplemented to use copy method on component</title>
            <para>For performance reasons the use of CloneUtils for copying components was replaced
                with copy methods on each component. If you have created any custom components you
                should override the  <emphasis role="bold">copyProperties</emphasis>  method and
                copy the properties specific to the subclass. </para>
            <para>
                <emphasis role="bold">Copy Properties Implementation</emphasis>
            </para>
            <para>
                <programlisting>/**
  * @see org.kuali.rice.krad.uif.component.ComponentBase#copy()
  */
@Override
  protected &lt;T> void copyProperties(T component) {
    super.copyProperties(component);
                    
    TextControl textControlCopy = (TextControl) component;
                    
    textControlCopy.setSize(this.getSize());
    textControlCopy.setMaxLength(this.getMaxLength());
    textControlCopy.setMinLength(this.getMinLength());
                    
    if(datePicker != null) {
      textControlCopy.setDatePicker((DatePicker)this.getDatePicker().copy());
    }
                    
    textControlCopy.setWatermarkText(this.getWatermarkText());
    textControlCopy.setTextExpand(this.isTextExpand());
}</programlisting>
            </para>
            <para> Make sure to call super, and to invoke copy() on all nested components. </para>
        </section>
        <section>
            <title>Header Changes</title>
            <itemizedlist>
                <listitem>
                    <para>The div structure around headers was changed to accommodate unifiedHeader
                        and stickyHeader functionality.  This also fixes a layout bug with
                        right/upper/bottomGroup of headers.</para>
                </listitem>
                <listitem>
                    <para>headerText on pages will no longer appear in the same location because
                        unifiedHeader option of View is used by default (UX recommendation).  To
                        restore this look turn this flag off.</para>
                </listitem>
                <listitem>
                    <para>Views now use the header class ViewHeader in its bean definition (expands
                        features for header specific to view headers)</para>
                </listitem>
                <listitem>
                    <para>A group that appears above the Breadcrumbs of a View was added to the
                        layout (called topGroup).</para>
                </listitem>
                <listitem>
                    <para>When using stickyHeader/stickyFooter functionality some styles will not be
                        used (and may break this functionality) if they have been customized:
                        specifically margins and position/display related styles for these areas due
                        to the nature of this feature.</para>
                </listitem>
            </itemizedlist>
        </section>
        <section>
            <title>Removed quickfinder and inquiry initialization from data and input field
                beans</title>
            <para>In order to improve performance by thinning out the view graph, the quickfinder
                and inquiry widget initialization was removed from Uif-DataField and
                Uif-InputField.This means if you were using nested properties to configure these
                widgets that will now throw a NPE.  </para>
            <para>Ex. quickfinder.render="false",
                quickfinder.dataObjectClassName="edu.iu.TravelAccount"</para>
            <para>Instead, you must fully initialize and configure the widget.</para>
            <para>
                <emphasis role="bold">Quickfinder Conversion</emphasis>
            </para>
            <para>
                <programlisting>&lt;property name="quickfinder.dataObjectClassName" value=""/>
 &lt;property name="quickfinder.fieldConversions">
     &lt;map>
       &lt;entry key="number" value="field3"/>
     &lt;/map>
&lt;/property>
 
converts to:
 
&lt;property name="quickfinder">
    &lt;bean parent="Uif-QuickFinder" p:dataObjectClassName="org.kuali.rice.krad.demo.travel.account.TravelAccount"
          p:fieldConversions="number:field3"/>
&lt;/property></programlisting>
            </para>
            <para>
                <emphasis role="bold">Inquiry Conversion</emphasis>
            </para>
            <para>
                <programlisting>&lt;property name="inquiry.dataObjectClassName"
          value="org.kuali.rice.kim.impl.identity.PersonImpl" />
&lt;property name="inquiry.inquiryParameters">
    &lt;map>
      &lt;entry key="routeHeaderInitiatorWorkflowId" value="principalId1" />
    &lt;/map>
&lt;/property>
 
converts to:
 
&lt;property name="inquiry">
   &lt;bean parent="Uif-Inquiry" p:dataObjectClassName="org.kuali.rice.kim.impl.identity.PersonImpl"
         p:inquiryParameters="routeHeaderInitiatorWorkflowId:principalId1"/>
&lt;/property></programlisting>
            </para>
            <para> Automatic quickfinders and inquiries will still be associated when relationships
                are found, and the widget is not manually configured. To disable automatic
                functionality use the flags:  <emphasis role="bold">enableAutoQuickfinder</emphasis>
                ,  <emphasis role="bold">enableAutoInquiry</emphasis> ,  <emphasis role="bold"
                    >enableAutoDirectInquiry </emphasis>
            </para>
            <para>
                <emphasis role="bold">Turning off Automatic Quickfinder</emphasis>
            </para>
            <para>
                <programlisting>p:quickfinder.render="false"
 
converts to:
 
p:enableAutoQuickfinder="false"</programlisting>
            </para>
            <para> The initialization of the quickfinder widget on collection groups has also been
                removed. This means if you were setting p:collectionLookup.render="false" to remove
                it you no longer need to do so. </para>
            <para>
                <emphasis role="bold">Collection Lookup Conversion</emphasis>
            </para>
            <para>
                <programlisting>&lt;property name="collectionLookup.dataObjectClassName" value="org.kuali.rice.krms.impl.repository.CategoryBo"/>
&lt;property name="collectionLookup.fieldConversions" value="id:id,name:name,namespace:namespace"/>
 
converts to:
 
&lt;property name="collectionLookup">
   &lt;bean parent="Uif-CollectionQuickFinder"
         p:dataObjectClassName="org.kuali.rice.krms.impl.repository.CategoryBo"
         p:fieldConversions="id:id,name:name,namespace:namespace"/>
&lt;/property></programlisting>
            </para>
        </section>
        <section>
            <title>Suggest widget had changes to its properties for clarity and enhancement</title>
            <itemizedlist>
                <listitem>
                    <para>sourcePropertyName is now <emphasis role="bold"
                            >valuePropertyName</emphasis>. </para>
                </listitem>
                <listitem>
                    <para>sourceQueryMethodResults is now <emphasis role="bold"
                            >returnFullQueryObject</emphasis></para>
                </listitem>
                <listitem>
                    <para>labelPropertyName was added</para>
                </listitem>
                <listitem>
                    <para>additionalPropertiesToReturn was added</para>
                </listitem>
            </itemizedlist>
        </section>
        <section>
            <title>Login Screen Changes</title>
            <itemizedlist>
                <listitem>
                    <para> As part of the conversion to a KRAD login screen three filters were moved
                        from <emphasis role="bold"> org.kuali.rice.kew.web</emphasis>  to  <emphasis
                            role="bold">org.kuali.rice.krad.web.filter</emphasis><itemizedlist>
                            <listitem>
                                <para>BootstrapFilter.java</para>
                            </listitem>
                            <listitem>
                                <para>DummyLoginFilter.java</para>
                            </listitem>
                            <listitem>
                                <para>UserLoginFilter.java</para>
                            </listitem>
                        </itemizedlist></para>
                </listitem>
                <listitem>
                    <para>Configuration files which may reference these filter with filter <emphasis
                            role="italic">.filtername</emphasis> .class= property definitions, will
                        need to be updated to the new package names. </para>
                </listitem>
                <listitem>
                    <para> A new servlet  <emphasis role="bold">login-servlet.xml</emphasis>  was
                        created and added to the  WEB-INF of  <itemizedlist>
                            <listitem>
                                <para>krad-web</para>
                            </listitem>
                            <listitem>
                                <para>krad-sampleapp</para>
                            </listitem>
                            <listitem>
                                <para>rice-web</para>
                            </listitem>
                        </itemizedlist></para>
                </listitem>
            </itemizedlist>
        </section>
        <section>
            <title>The close button no longer exists for most pages </title>
            <itemizedlist>
                <listitem>
                    <para>As a result, the close method on the UifControllerBase no longer exists on
                        all views (except lightbox views) and is renamed to "back".  Back is a new
                        method that tries to determine the best course of action for going back one
                        view when called and is called from cancel.  Cancel was eliminated from
                        inquiry views entirely and inquiry now only have a "&lt; Back" button for
                        clarity.</para>
                </listitem>
                <listitem>
                    <para>If in a HistoryFlow (path based breadcrumbs), a returnToStart parameter
                        with "true" can be passed to go back to the "start" of that flow</para>
                </listitem>
            </itemizedlist>
        </section>
        <section>
            <title>Perform Expression Evaluation Once Per View Lifecycle</title>
            <itemizedlist>
                <listitem>
                    <para>Renamed to ExpressionEvaluator and DefaultExpressionEvaluator</para>
                </listitem>
                <listitem>
                    <para>Moved to org.kuali.rice.krad.uif.view</para>
                </listitem>
                <listitem>
                    <para>Changed method signatures to not take view</para>
                </listitem>
                <listitem>
                    <para>Added method initializeEvaluationContext(Object contextObject)</para>
                </listitem>
                <listitem>
                    <para>Added public getExpressionEvaluator() to ViewHelperServiceImpl for getting
                        initialized instance during lifecycle</para>
                </listitem>
            </itemizedlist>
        </section>
        <section>
            <title>Add messages to lookup results</title>
            <itemizedlist>
                <listitem>
                    <para>Added new messages for primary key and results found to
                        ApplicationResources.properties</para>
                </listitem>
                <listitem>
                    <para>Added LookupResultCollectionSection now includes LookupResultMessages
                    </para>
                </listitem>
            </itemizedlist>
        </section>
        <section>
            <title>Lookup - Need export on results table</title>
            <itemizedlist>
                <listitem>
                    <para>Replaces use of flash export functionality built in datatables.tableTools
                        with server side method calls</para>
                </listitem>
                <listitem>
                    <para>Added new retrieveTableData method to UifControllerBase</para>
                </listitem>
                <listitem>
                    <para>Added two new parameters, showSearchOption and showExportOption, to the
                        RichTable</para>
                </listitem>
                <listitem>
                    <para>Defaults showExportOption to true</para>
                </listitem>
            </itemizedlist>
        </section>
        <section>
            <title>Changes to view theme and new theme builder</title>
            <para>Along with bringing in Bootstrap, the view theme was reworked to support Less and
                to fix previous pain points. This mostly only impacts those who are creating custom
                themes. </para>
            <para>
                <emphasis role="bold">Switching to use non minified files</emphasis>
            </para>
            <para>By default the themes will use the minified versions of the theme CSS and JS
                files. If you wish to use the full source files for development purposes, set the
                Rice config properties ' <emphasis role="bold">krad.dev.mode</emphasis> ' to true in
                your local config file. </para>
            <para>
                <emphasis role="bold">New Theme Beans</emphasis>
            </para>
            <para> The beans Uif-BaseTheme, Uif-KradTheme, and Uif-ClassicKnsTheme have been
                removed. If you were previously extending one of these for a custom theme, you
                should now extend  <emphasis role="bold">Uif-KbootTheme</emphasis> . </para>
            <para>
                <emphasis role="bold">Building Kboot</emphasis>
            </para>
            <para>If you are using maven overlays to acquire the KRAD web content (recommended), the
                Kboot theme will be ready for consumption. If instead you are acquiring the KRAD web
                content by manually pulling source, you will need to add the theme builder plugin to
                your maven process. See 'pom.xml' in the KRAD Web module for an example. </para>
            <para>
                <emphasis role="bold">Building Custom Themes</emphasis>
            </para>
            <para>Documentation will be coming shortly in the KRAD guide for developing custom
                themes. In the meantime, look at the JavaDocs for  <emphasis role="bold"
                    >ViewTheme</emphasis> , and  <emphasis role="bold">ThemeBuilder</emphasis>  in
                the new KRAD theme builder module. </para>
        </section>
        <section>
            <title>rowCssClasses revamp for TableLayoutManager and LightTable</title>
            <itemizedlist>
                <listitem>
                    <para>DO NOT use rowCssClasses property to set your row css classes for these
                        tables (it is used internally by the framework - still available for use on
                        GridLayouts), use conditionalRowCssClasses</para>
                </listitem>
                <listitem>
                    <para>conditionalRowCssClasses allow the use of SPEL (using the line context)
                        allowing you to dynamically style rows based on their content, also allows
                        keywords all, even, odd, and index number</para>
                </listitem>
            </itemizedlist>
        </section>
        <section>
            <title>Added property for retrieving groups via ajax for lightbox display</title>
            <itemizedlist>
                <listitem>
                    <para>add useAjaxCallForContent flag</para>
                </listitem>
                <listitem>
                    <para>useAjaxCallForContent eliminates the need to manually retrieve content for
                        custom dialogs - it will automatically retrieve group content when the
                        showLightboxComponent call is made against a group with this flag set to
                        true</para>
                </listitem>
                <listitem>
                    <para>renderAsPlaceholder renamed as useAjaxCallForContent</para>
                </listitem>
            </itemizedlist>
        </section>
        <section>
            <title>Miscellaneous Impacting Changes</title>
            <itemizedlist>
                <listitem>
                    <para>Exception will be thrown if page in page; his structure was not allowed
                        before, but now it is enforced</para>
                </listitem>
                <listitem>
                    <para>Dirty field plugin eliminated and replaced with KRAD implementation</para>
                </listitem>
                <listitem>
                    <para>Avoid running scripts on non-visible content; Javascript for components
                        hidden behind disclosure or details will delay their execution til opened
                        with the exception of validation framework scripts</para>
                </listitem>
                <listitem>
                    <para>View header and top group update on page change; They will now update on
                        every page change, eliminating the need for custom scripts to update header
                        content</para>
                </listitem>
                <listitem>
                    <para>Implement both local and ajax requested Json data generation for
                        datatables (RichTable); 2 new options on Richtable - forceLocalJsonData and
                        forceAjaxJsonData for use in performance tweaking</para>
                </listitem>
                <listitem>
                    <para>Validation framework improvement to cut data that is determined to be
                        default; Data related to validation is now retrieved through the js function
                        getValidationData rather than using jQuery .data call directly</para>
                </listitem>
                <listitem>
                    <para>Changed addLineLabel from Label to Message on CollectionGroup</para>
                </listitem>
                <listitem>
                    <para> To support the new theme builder some of the KRAD web resources were
                        moved. This includes all plugins moving from ' <emphasis role="bold"
                            >/krad/plugins</emphasis> ' to ' <emphasis role="bold"
                            >/plugins</emphasis> '. Any resources being referenced from these
                        directories will need to be updated. </para>
                </listitem>
                <listitem>
                    <para>coerceValue JS Function will return boolean values;  This affects SPEL
                        backed expression evaluation on the client, boolean based expressions are
                        now allowable without the need to check them textually</para>
                </listitem>
                <listitem>
                    <para>The way in which html data attributes (dataAttributes property on
                        component) are handled in KRAD was changed.  We now place what we considered
                        "complex" data attributes directly into the element's html tag rather than
                        using script to enhance performance.  This requires that these data objects
                        follow the JSON spec exactly for the data to be picked up correctly in the
                        script.  Data objects must also escape certain characters (quote, single
                        quote, etc) when they are added as a result.</para>
                </listitem>
                <listitem>
                    <para>Various changes to how the validation framework appears and behaves have
                        been made at UX request, see <link
                            xlink:href="https://jira.kuali.org/browse/KULRICE-8917"
                            >https://jira.kuali.org/browse/KULRICE-8917</link> for a full list of
                        changes made</para>
                </listitem>
                <listitem>
                    <para>KRAD Actions now use a single handler at the js level to enhance
                        performance.  Their script is written to an attribute called data-onclick
                        which is consumed by the framework when needed.  Inquiry lightbox links use
                        the same pattern.  This should not have any direct impact for most cases,
                        but script added at the Java level must be appropriately escaped now for
                        these elements (these elements handle this themselves).</para>
                </listitem>
                <listitem>
                    <para>When adding css classes to a component the additionalCssClasses
                        convenience property should be used instead of merging the cssClasses
                        list</para>
                </listitem>
            </itemizedlist>
        </section>
    </section>
    <section>
        <title>Non-Impacting Changes</title>
        <section>
            <title>Java 7 Support</title>
            <para>Kuali Rice officially supports both 1.6.x and 1.7.x versions of Java.</para>
        </section>
        <section>
            <title>Session Support</title>
            <para>In order to take advantage of the new session support functionality, you must add
                the following filter to your web.xml file. In addition, the filter must be first in
                the list of filters (before the login filter). </para>
            <para>
                <emphasis role="bold">Session Timeout Filter</emphasis>
            </para>
            <para><programlisting>&lt;filter>
  &lt;filter-name>ajaxSessionTimeoutFilter&lt;/filter-name>
  &lt;filter-class>org.kuali.rice.krad.web.filter.UifSessionTimeoutFilter&lt;/filter-class>
&lt;/filter>
 
&lt;filter-mapping>
  &lt;filter-name>ajaxSessionTimeoutFilter&lt;/filter-name>
  &lt;servlet-name>krad&lt;/servlet-name>
&lt;/filter-mapping></programlisting></para>
        </section>
        <section>
            <title>Other Changes</title>
            <itemizedlist>
                <listitem>
                    <para>PropertyPlaceholderConfigurer support added to the data dictionary. This
                        means you can use ${} expressions to reference Rice config properties
                        (useful for configured paths, these will only get evaluated once as opposed
                        to the @{} UIF expressions which get evaluated many times)</para>
                </listitem>
                <listitem>
                    <para><emphasis role="bold">CssGridLayout</emphasis> was added a new layout with
                        two types - Fixed and Fluid.  It has a demo in the KRAD library example
                        app.</para>
                </listitem>
                <listitem>
                    <para>Performance boosts to validateForm and validateLine calls</para>
                </listitem>
                <listitem>
                    <para>Suggest functionality will work in a lightbox/dialog</para>
                </listitem>
                <listitem>
                    <para>Problems with sub collections in nested groups refreshing resolved</para>
                </listitem>
            </itemizedlist>
        </section>
    </section>
    <section xml:id="items_addressed_in_rice">
        <title>Items Addressed in Rice ${project.version}</title>

<section>
  <title>Bug Fix</title>
    <para>
      <itemizedlist>
        <listitem>
          <para>[<link xlink:href='https://jira.kuali.org/browse/KULRICE-5171'>KULRICE-5171</link>] - Lookup not returning supporting attributes</para>
        </listitem>
        <listitem>
          <para>[<link xlink:href='https://jira.kuali.org/browse/KULRICE-6007'>KULRICE-6007</link>] - Session timeout on Ajax request not displayed</para>
        </listitem>
        <listitem>
          <para>[<link xlink:href='https://jira.kuali.org/browse/KULRICE-6444'>KULRICE-6444</link>] - Create values on lookup should not clear readonly field values that were passed on the request</para>
        </listitem>
        <listitem>
          <para>[<link xlink:href='https://jira.kuali.org/browse/KULRICE-7202'>KULRICE-7202</link>] - Create new Responsibility Route Name Node has no front or back end validation.</para>
        </listitem>
        <listitem>
          <para>[<link xlink:href='https://jira.kuali.org/browse/KULRICE-7283'>KULRICE-7283</link>] - Returning nothing from multi-value lookup still refreshes the page</para>
        </listitem>
        <listitem>
          <para>[<link xlink:href='https://jira.kuali.org/browse/KULRICE-7734'>KULRICE-7734</link>] - Multiple select of Lookup does not return selection</para>
        </listitem>
        <listitem>
          <para>[<link xlink:href='https://jira.kuali.org/browse/KULRICE-7880'>KULRICE-7880</link>] - On Maintenance cancel action, the redirect url has two methodToCall params</para>
        </listitem>
        <listitem>
          <para>[<link xlink:href='https://jira.kuali.org/browse/KULRICE-8361'>KULRICE-8361</link>] - Dialog: History/Breadcrum entry created when closing a dialog box</para>
        </listitem>
        <listitem>
          <para>[<link xlink:href='https://jira.kuali.org/browse/KULRICE-8459'>KULRICE-8459</link>] - Using returnLocation for the breadcrumbs home causes issues with history parsing</para>
        </listitem>
        <listitem>
          <para>[<link xlink:href='https://jira.kuali.org/browse/KULRICE-8488'>KULRICE-8488</link>] - Role Service does not notify that a derived role type service was not found</para>
        </listitem>
        <listitem>
          <para>[<link xlink:href='https://jira.kuali.org/browse/KULRICE-8538'>KULRICE-8538</link>] - Responsibility Required routing flag not working unless responsibility defined for exact document</para>
        </listitem>
        <listitem>
          <para>[<link xlink:href='https://jira.kuali.org/browse/KULRICE-8641'>KULRICE-8641</link>] - Lock error is not shown</para>
        </listitem>
        <listitem>
          <para>[<link xlink:href='https://jira.kuali.org/browse/KULRICE-8742'>KULRICE-8742</link>] - When summary title has an expression the title does not render</para>
        </listitem>
        <listitem>
          <para>[<link xlink:href='https://jira.kuali.org/browse/KULRICE-8747'>KULRICE-8747</link>] - Table layout manager rowDetailsLinkName property not getting used</para>
        </listitem>
        <listitem>
          <para>[<link xlink:href='https://jira.kuali.org/browse/KULRICE-8803'>KULRICE-8803</link>] - Inquiry bases logic on readonly for building inquiry or direct inquiry based on the readonly flag of the Inquiry widget, not the field it applies to</para>
        </listitem>
        <listitem>
          <para>[<link xlink:href='https://jira.kuali.org/browse/KULRICE-8805'>KULRICE-8805</link>] - Method arguments for field queries are not getting sent with script call</para>
        </listitem>
        <listitem>
          <para>[<link xlink:href='https://jira.kuali.org/browse/KULRICE-8806'>KULRICE-8806</link>] - Editing of value with custom editor does not invoke editor on post</para>
        </listitem>
        <listitem>
          <para>[<link xlink:href='https://jira.kuali.org/browse/KULRICE-8807'>KULRICE-8807</link>] - Link component should have a property for displaying in lightbox</para>
        </listitem>
        <listitem>
          <para>[<link xlink:href='https://jira.kuali.org/browse/KULRICE-8808'>KULRICE-8808</link>] - Rich messages not getting picked up on image caption or cutline text</para>
        </listitem>
        <listitem>
          <para>[<link xlink:href='https://jira.kuali.org/browse/KULRICE-8815'>KULRICE-8815</link>] - Move lookup actions to collection group's action column</para>
        </listitem>
        <listitem>
          <para>[<link xlink:href='https://jira.kuali.org/browse/KULRICE-8821'>KULRICE-8821</link>] - Refresh timer throws exception if refresh method to call not set</para>
        </listitem>
        <listitem>
          <para>[<link xlink:href='https://jira.kuali.org/browse/KULRICE-8822'>KULRICE-8822</link>] - Setter methods for event script not on ScriptEventSupport</para>
        </listitem>
        <listitem>
          <para>[<link xlink:href='https://jira.kuali.org/browse/KULRICE-8963'>KULRICE-8963</link>] - "Field or property 'readOnly' cannot be found on null" error when creating a new people flow</para>
        </listitem>
        <listitem>
          <para>[<link xlink:href='https://jira.kuali.org/browse/KULRICE-8976'>KULRICE-8976</link>] - Missing ValidationPattern error message key</para>
        </listitem>
        <listitem>
          <para>[<link xlink:href='https://jira.kuali.org/browse/KULRICE-8980'>KULRICE-8980</link>] - 'Add all' option for lookup criteria field does not work with rich options</para>
        </listitem>
        <listitem>
          <para>[<link xlink:href='https://jira.kuali.org/browse/KULRICE-8981'>KULRICE-8981</link>] - #fp binding prefix does not working correctly on fields that bind to a map</para>
        </listitem>
        <listitem>
          <para>[<link xlink:href='https://jira.kuali.org/browse/KULRICE-8982'>KULRICE-8982</link>] - Lookup result group gets initialized twice causing table details to get added twice</para>
        </listitem>
        <listitem>
          <para>[<link xlink:href='https://jira.kuali.org/browse/KULRICE-8998'>KULRICE-8998</link>] - Change Lookups to use Uif-DataFields in resultField List</para>
        </listitem>
        <listitem>
          <para>[<link xlink:href='https://jira.kuali.org/browse/KULRICE-9018'>KULRICE-9018</link>] -  Dialog in maintenance document doesnt work</para>
        </listitem>
        <listitem>
          <para>[<link xlink:href='https://jira.kuali.org/browse/KULRICE-9023'>KULRICE-9023</link>] - 2.3 KIMServiceLocatorInternalTest.testGetKimTypeService_KimType expected:DataDictionaryTypeServiceBase but was:class $Proxy141</para>
        </listitem>
        <listitem>
          <para>[<link xlink:href='https://jira.kuali.org/browse/KULRICE-9053'>KULRICE-9053</link>] - Cannot perform multiple KRAD document actions with certain browsers</para>
        </listitem>
        <listitem>
          <para>[<link xlink:href='https://jira.kuali.org/browse/KULRICE-9055'>KULRICE-9055</link>] - "id was null" exceptions for group and role lookups</para>
        </listitem>
        <listitem>
          <para>[<link xlink:href='https://jira.kuali.org/browse/KULRICE-9070'>KULRICE-9070</link>] - Uif-MaintenanceTableCollectionSection appers to be broken</para>
        </listitem>
        <listitem>
          <para>[<link xlink:href='https://jira.kuali.org/browse/KULRICE-9074'>KULRICE-9074</link>] - Dialog response inputs can stomp on each other</para>
        </listitem>
        <listitem>
          <para>[<link xlink:href='https://jira.kuali.org/browse/KULRICE-9097'>KULRICE-9097</link>] - Don't display the common section on KRMS Term and TermSpecification maintenance documents</para>
        </listitem>
        <listitem>
          <para>[<link xlink:href='https://jira.kuali.org/browse/KULRICE-9138'>KULRICE-9138</link>] - None of the Lookups and inquiry screens are working on the KRAD merged trunk</para>
        </listitem>
        <listitem>
          <para>[<link xlink:href='https://jira.kuali.org/browse/KULRICE-9167'>KULRICE-9167</link>] - Client Validation Fails after a save and subsequent save when no errors</para>
        </listitem>
        <listitem>
          <para>[<link xlink:href='https://jira.kuali.org/browse/KULRICE-9218'>KULRICE-9218</link>] - Components for pages not displayed not getting ids causes state issues</para>
        </listitem>
        <listitem>
          <para>[<link xlink:href='https://jira.kuali.org/browse/KULRICE-9247'>KULRICE-9247</link>] - Data object metadata service throws exception when it encounters interface/abstract type</para>
        </listitem>
        <listitem>
          <para>[<link xlink:href='https://jira.kuali.org/browse/KULRICE-9250'>KULRICE-9250</link>] - Revert links for converted screens to the KNS versions</para>
        </listitem>
        <listitem>
          <para>[<link xlink:href='https://jira.kuali.org/browse/KULRICE-9264'>KULRICE-9264</link>] - ant build.xml file not finding rice-web/pom.xml artifact</para>
        </listitem>
        <listitem>
          <para>[<link xlink:href='https://jira.kuali.org/browse/KULRICE-9304'>KULRICE-9304</link>] - Exception on edit action for derived role</para>
        </listitem>
        <listitem>
          <para>[<link xlink:href='https://jira.kuali.org/browse/KULRICE-9326'>KULRICE-9326</link>] - After reload of dictionary onDocumentReadyScript property fails to overwrite inherited value</para>
        </listitem>
        <listitem>
          <para>[<link xlink:href='https://jira.kuali.org/browse/KULRICE-9332'>KULRICE-9332</link>] - Spaces are replaced by ? in the content of a repeated text area component</para>
        </listitem>
        <listitem>
          <para>[<link xlink:href='https://jira.kuali.org/browse/KULRICE-9375'>KULRICE-9375</link>] - Ranged date field breaks required field indicator and row hiding</para>
        </listitem>
        <listitem>
          <para>[<link xlink:href='https://jira.kuali.org/browse/KULRICE-9387'>KULRICE-9387</link>] - Spaces before an inline component are getting lost in RichMessages</para>
        </listitem>
        <listitem>
          <para>[<link xlink:href='https://jira.kuali.org/browse/KULRICE-9406'>KULRICE-9406</link>] - krad-base-servlet.xml rescans entire package which limits the ability to exclude classes</para>
        </listitem>
        <listitem>
          <para>[<link xlink:href='https://jira.kuali.org/browse/KULRICE-9428'>KULRICE-9428</link>] - KRMS and People Flow documents, lightboxes not going away after clicking return value link</para>
        </listitem>
        <listitem>
          <para>[<link xlink:href='https://jira.kuali.org/browse/KULRICE-9430'>KULRICE-9430</link>] - Lightboxes, close and cancel buttons not working as expected</para>
        </listitem>
        <listitem>
          <para>[<link xlink:href='https://jira.kuali.org/browse/KULRICE-9437'>KULRICE-9437</link>] - Session Timeout Warning dialog</para>
        </listitem>
        <listitem>
          <para>[<link xlink:href='https://jira.kuali.org/browse/KULRICE-9460'>KULRICE-9460</link>] - KRAD documentation outdated </para>
        </listitem>
        <listitem>
          <para>[<link xlink:href='https://jira.kuali.org/browse/KULRICE-9464'>KULRICE-9464</link>] - On submit of Send Adhoc button goes to incident report in Maintenance Document</para>
        </listitem>
        <listitem>
          <para>[<link xlink:href='https://jira.kuali.org/browse/KULRICE-9491'>KULRICE-9491</link>] - Document Header Info box on top of KNS documents broken</para>
        </listitem>
        <listitem>
          <para>[<link xlink:href='https://jira.kuali.org/browse/KULRICE-9551'>KULRICE-9551</link>] - Setting render='false' in KRAD collection causes jquery error</para>
        </listitem>
        <listitem>
          <para>[<link xlink:href='https://jira.kuali.org/browse/KULRICE-9605'>KULRICE-9605</link>] - Grid table in lightbox retrieved with Ajax does not display</para>
        </listitem>
        <listitem>
          <para>[<link xlink:href='https://jira.kuali.org/browse/KULRICE-9606'>KULRICE-9606</link>] - Make property for retrieving groups via ajax for lightbox display - add useAjaxCallForContent flag</para>
        </listitem>
        <listitem>
          <para>[<link xlink:href='https://jira.kuali.org/browse/KULRICE-9607'>KULRICE-9607</link>] - When content is retrieved that contains a nested collection group binding is not adjusted correctly</para>
        </listitem>
        <listitem>
          <para>[<link xlink:href='https://jira.kuali.org/browse/KULRICE-9647'>KULRICE-9647</link>] - Maintenance locking error not being shown</para>
        </listitem>
        <listitem>
          <para>[<link xlink:href='https://jira.kuali.org/browse/KULRICE-9664'>KULRICE-9664</link>] - Uif-Suggest doesn't work in a lightbox</para>
        </listitem>
        <listitem>
          <para>[<link xlink:href='https://jira.kuali.org/browse/KULRICE-9672'>KULRICE-9672</link>] - Progressive disclosure not working</para>
        </listitem>
        <listitem>
          <para>[<link xlink:href='https://jira.kuali.org/browse/KULRICE-9728'>KULRICE-9728</link>] - rules.tag should prefix url with krad.url instead of application.url</para>
        </listitem>
        <listitem>
          <para>[<link xlink:href='https://jira.kuali.org/browse/KULRICE-9777'>KULRICE-9777</link>] - Ajax retrieval details fails to close after second click</para>
        </listitem>
        <listitem>
          <para>[<link xlink:href='https://jira.kuali.org/browse/KULRICE-9778'>KULRICE-9778</link>] - Detail images no longer swap</para>
        </listitem>
        <listitem>
          <para>[<link xlink:href='https://jira.kuali.org/browse/KULRICE-9786'>KULRICE-9786</link>] - Force server errors for fields to show on page change</para>
        </listitem>
        <listitem>
          <para>[<link xlink:href='https://jira.kuali.org/browse/KULRICE-9787'>KULRICE-9787</link>] - Details message display should not put validation messages in column</para>
        </listitem>
        <listitem>
          <para>[<link xlink:href='https://jira.kuali.org/browse/KULRICE-9860'>KULRICE-9860</link>] - Rice-Web krad-servlet.xml</para>
        </listitem>
        <listitem>
          <para>[<link xlink:href='https://jira.kuali.org/browse/KULRICE-9865'>KULRICE-9865</link>] - SequenceAccessorService trying to grab sequence values from incorrect database in GenericPermissionMaintainable</para>
        </listitem>
        <listitem>
          <para>[<link xlink:href='https://jira.kuali.org/browse/KULRICE-9871'>KULRICE-9871</link>] - Templates note getting picked up for JSON request</para>
        </listitem>
        <listitem>
          <para>[<link xlink:href='https://jira.kuali.org/browse/KULRICE-9883'>KULRICE-9883</link>] - Boolean property value is evaluated as string instead of a boolean</para>
        </listitem>
        <listitem>
          <para>[<link xlink:href='https://jira.kuali.org/browse/KULRICE-9884'>KULRICE-9884</link>] - Column sort on some columns doesn't work</para>
        </listitem>
        <listitem>
          <para>[<link xlink:href='https://jira.kuali.org/browse/KULRICE-9891'>KULRICE-9891</link>] - Id mismatch in validation messaging for sub collections</para>
        </listitem>
        <listitem>
          <para>[<link xlink:href='https://jira.kuali.org/browse/KULRICE-9902'>KULRICE-9902</link>] - KRADUtils#getSimpleFieldValue checks the message business object instead of component</para>
        </listitem>
        <listitem>
          <para>[<link xlink:href='https://jira.kuali.org/browse/KULRICE-9915'>KULRICE-9915</link>] - Add line client Javascript runs for over a minute</para>
        </listitem>
        <listitem>
          <para>[<link xlink:href='https://jira.kuali.org/browse/KULRICE-9937'>KULRICE-9937</link>] - Cross site scripting vulnerabilities reported against kitchen sink </para>
        </listitem>
        <listitem>
          <para>[<link xlink:href='https://jira.kuali.org/browse/KULRICE-9941'>KULRICE-9941</link>] - Global application header appears in lightbox</para>
        </listitem>
        <listitem>
          <para>[<link xlink:href='https://jira.kuali.org/browse/KULRICE-9942'>KULRICE-9942</link>] - Twitter feed in KRAD sampleapp not loading</para>
        </listitem>
        <listitem>
          <para>[<link xlink:href='https://jira.kuali.org/browse/KULRICE-9959'>KULRICE-9959</link>] - Member Lookup missing from People Flow Maintenance screen</para>
        </listitem>
        <listitem>
          <para>[<link xlink:href='https://jira.kuali.org/browse/KULRICE-9960'>KULRICE-9960</link>] - Adding 2 Groups to a PeopleFlow not working</para>
        </listitem>
        <listitem>
          <para>[<link xlink:href='https://jira.kuali.org/browse/KULRICE-9964'>KULRICE-9964</link>] - The POM for org.kuali.rice:rice-krad-theme-builder:jar:2.3.0-SNAPSHOT is missing</para>
        </listitem>
        <listitem>
          <para>[<link xlink:href='https://jira.kuali.org/browse/KULRICE-9969'>KULRICE-9969</link>] - KRAD Kitchen Sink Navigation select Uif Component navigation Uif Component View results in blank page</para>
        </listitem>
        <listitem>
          <para>[<link xlink:href='https://jira.kuali.org/browse/KULRICE-9975'>KULRICE-9975</link>] - Lookups from within lookups no longer return values correctly</para>
        </listitem>
        <listitem>
          <para>[<link xlink:href='https://jira.kuali.org/browse/KULRICE-9982'>KULRICE-9982</link>] - Component Library: Travel Account Maintenance, lightbox lookup showing values as editable instead of readonly</para>
        </listitem>
        <listitem>
          <para>[<link xlink:href='https://jira.kuali.org/browse/KULRICE-9986'>KULRICE-9986</link>] - Component Library: Multi Value Lookups bomb if you select multiple and click the return link</para>
        </listitem>
        <listitem>
          <para>[<link xlink:href='https://jira.kuali.org/browse/KULRICE-9990'>KULRICE-9990</link>] - KRAD Component Library: Fields &gt; Action fields bombs to error page</para>
        </listitem>
        <listitem>
          <para>[<link xlink:href='https://jira.kuali.org/browse/KULRICE-9991'>KULRICE-9991</link>] - Component Library: KIM User example not working</para>
        </listitem>
        <listitem>
          <para>[<link xlink:href='https://jira.kuali.org/browse/KULRICE-9996'>KULRICE-9996</link>] - Clear form call after closing lightbox throws an exception</para>
        </listitem>
        <listitem>
          <para>[<link xlink:href='https://jira.kuali.org/browse/KULRICE-10008'>KULRICE-10008</link>] - Dropdowns don't expand for text</para>
        </listitem>
        <listitem>
          <para>[<link xlink:href='https://jira.kuali.org/browse/KULRICE-10009'>KULRICE-10009</link>] - Kitchen Sink Lookup Page:  Inquiry link does not show travel account values</para>
        </listitem>
        <listitem>
          <para>[<link xlink:href='https://jira.kuali.org/browse/KULRICE-10011'>KULRICE-10011</link>] - Cannot download note attachments on documents</para>
        </listitem>
        <listitem>
          <para>[<link xlink:href='https://jira.kuali.org/browse/KULRICE-10016'>KULRICE-10016</link>] - KIMGroup Control doesn't render Quickfinder icon</para>
        </listitem>
        <listitem>
          <para>[<link xlink:href='https://jira.kuali.org/browse/KULRICE-10030'>KULRICE-10030</link>] - Quickfinder in Rice sample app kitchen sink Collections for MV lookup generates a blank lightbox </para>
        </listitem>
        <listitem>
          <para>[<link xlink:href='https://jira.kuali.org/browse/KULRICE-10042'>KULRICE-10042</link>] - Hitting the "Update Official" button on "Collection Group 4" of the Rice sampleapp Uif Components kitchen sink results in a stack trace</para>
        </listitem>
        <listitem>
          <para>[<link xlink:href='https://jira.kuali.org/browse/KULRICE-10053'>KULRICE-10053</link>] - ParentLocation no longer works - cannot evaluate expression</para>
        </listitem>
        <listitem>
          <para>[<link xlink:href='https://jira.kuali.org/browse/KULRICE-10054'>KULRICE-10054</link>] - SpringEL for disable client-side is broken</para>
        </listitem>
        <listitem>
          <para>[<link xlink:href='https://jira.kuali.org/browse/KULRICE-10067'>KULRICE-10067</link>] - Exception on server side page demo</para>
        </listitem>
        <listitem>
          <para>[<link xlink:href='https://jira.kuali.org/browse/KULRICE-10070'>KULRICE-10070</link>] - KRAD Components Disclosure Image Broken</para>
        </listitem>
        <listitem>
          <para>[<link xlink:href='https://jira.kuali.org/browse/KULRICE-10072'>KULRICE-10072</link>] - useAjaxCallForContent property not working correctly</para>
        </listitem>
        <listitem>
          <para>[<link xlink:href='https://jira.kuali.org/browse/KULRICE-10075'>KULRICE-10075</link>] - Clicking delete on collection within row details of a table with forceLocalJsonData causes escaping problem</para>
        </listitem>
        <listitem>
          <para>[<link xlink:href='https://jira.kuali.org/browse/KULRICE-10078'>KULRICE-10078</link>] - Required indicator wraps below label when field is displayed in a dialog</para>
        </listitem>
        <listitem>
          <para>[<link xlink:href='https://jira.kuali.org/browse/KULRICE-10123'>KULRICE-10123</link>] - Editing a KRMS rule results in an error screen</para>
        </listitem>
      </itemizedlist>
    </para>
</section>


<section>
  <title>Improvement</title>
    <para>
      <itemizedlist>
        <listitem>
          <para>[<link xlink:href='https://jira.kuali.org/browse/KULRICE-6048'>KULRICE-6048</link>] - Remove documentation on "object remoting" in 2.0 docs</para>
        </listitem>
        <listitem>
          <para>[<link xlink:href='https://jira.kuali.org/browse/KULRICE-6932'>KULRICE-6932</link>] - ModuleServiceBase needs to be moved out of the rice "impl" module</para>
        </listitem>
        <listitem>
          <para>[<link xlink:href='https://jira.kuali.org/browse/KULRICE-7562'>KULRICE-7562</link>] - Improve subset of SpringEL - that we convert for specific functionality to js - by allowing a contains (or similar) operation</para>
        </listitem>
        <listitem>
          <para>[<link xlink:href='https://jira.kuali.org/browse/KULRICE-7594'>KULRICE-7594</link>] - Provide input field instance to key value finder method getKeyValues </para>
        </listitem>
        <listitem>
          <para>[<link xlink:href='https://jira.kuali.org/browse/KULRICE-7873'>KULRICE-7873</link>] - Optionally supress the view in breadcrumbs</para>
        </listitem>
        <listitem>
          <para>[<link xlink:href='https://jira.kuali.org/browse/KULRICE-8050'>KULRICE-8050</link>] - Support for lookup only field</para>
        </listitem>
        <listitem>
          <para>[<link xlink:href='https://jira.kuali.org/browse/KULRICE-8169'>KULRICE-8169</link>] - KRMS Agenda Editor: Selection removed on proposition description focus during edit</para>
        </listitem>
        <listitem>
          <para>[<link xlink:href='https://jira.kuali.org/browse/KULRICE-8397'>KULRICE-8397</link>] - Breadcrumbs sometimes display with weird structure when the page is using Dialog lightbox</para>
        </listitem>
        <listitem>
          <para>[<link xlink:href='https://jira.kuali.org/browse/KULRICE-8640'>KULRICE-8640</link>] - Create new widget to highlight code syntax</para>
        </listitem>
        <listitem>
          <para>[<link xlink:href='https://jira.kuali.org/browse/KULRICE-8748'>KULRICE-8748</link>] - Set TableLayoutManager applyDefaultCellWidths to false by default</para>
        </listitem>
        <listitem>
          <para>[<link xlink:href='https://jira.kuali.org/browse/KULRICE-8818'>KULRICE-8818</link>] - Provide a way for components to add data generically to the form</para>
        </listitem>
        <listitem>
          <para>[<link xlink:href='https://jira.kuali.org/browse/KULRICE-8819'>KULRICE-8819</link>] - Add ByteArrayMultipartFileEditor to registered property editors to allow file types to bind to Byte[] data types</para>
        </listitem>
        <listitem>
          <para>[<link xlink:href='https://jira.kuali.org/browse/KULRICE-8897'>KULRICE-8897</link>] - Need setViewHelperService method on View component</para>
        </listitem>
        <listitem>
          <para>[<link xlink:href='https://jira.kuali.org/browse/KULRICE-8937'>KULRICE-8937</link>] - Remove Pre-Built Views/View Pooling - Replace with Object Serialization/Caching</para>
        </listitem>
        <listitem>
          <para>[<link xlink:href='https://jira.kuali.org/browse/KULRICE-8941'>KULRICE-8941</link>] - Add flag to StackedLayoutManager to indicate that actions must be added to line group and not linegroup footer</para>
        </listitem>
        <listitem>
          <para>[<link xlink:href='https://jira.kuali.org/browse/KULRICE-8957'>KULRICE-8957</link>] - CloneUtils getFields Performance Improvement</para>
        </listitem>
        <listitem>
          <para>[<link xlink:href='https://jira.kuali.org/browse/KULRICE-9042'>KULRICE-9042</link>] - Spring - Performance</para>
        </listitem>
        <listitem>
          <para>[<link xlink:href='https://jira.kuali.org/browse/KULRICE-9060'>KULRICE-9060</link>] - add property "additionalCssClasses" to replace "cssClasses" list-merge</para>
        </listitem>
        <listitem>
          <para>[<link xlink:href='https://jira.kuali.org/browse/KULRICE-9073'>KULRICE-9073</link>] - Add horizontal and vertical scrolling to sampleapp code editor</para>
        </listitem>
        <listitem>
          <para>[<link xlink:href='https://jira.kuali.org/browse/KULRICE-9114'>KULRICE-9114</link>] - DocumentBase has unnecessary overrides of refresh and refreshReferenceObject</para>
        </listitem>
        <listitem>
          <para>[<link xlink:href='https://jira.kuali.org/browse/KULRICE-9208'>KULRICE-9208</link>] - isValidLine flag not available in ViewHelperServiceImpl.processAfterAddLine() method</para>
        </listitem>
        <listitem>
          <para>[<link xlink:href='https://jira.kuali.org/browse/KULRICE-9228'>KULRICE-9228</link>] - Allow method to call to not be specified on URL</para>
        </listitem>
        <listitem>
          <para>[<link xlink:href='https://jira.kuali.org/browse/KULRICE-9232'>KULRICE-9232</link>] - Add view TopGroup (a group that appears above breadcrumbs)</para>
        </listitem>
        <listitem>
          <para>[<link xlink:href='https://jira.kuali.org/browse/KULRICE-9261'>KULRICE-9261</link>] - All request using multi-part encoding and should not</para>
        </listitem>
        <listitem>
          <para>[<link xlink:href='https://jira.kuali.org/browse/KULRICE-9282'>KULRICE-9282</link>] - Upgrade selenium-java webdriver to latest version</para>
        </listitem>
        <listitem>
          <para>[<link xlink:href='https://jira.kuali.org/browse/KULRICE-9594'>KULRICE-9594</link>] - Global handler for disclosure content</para>
        </listitem>
        <listitem>
          <para>[<link xlink:href='https://jira.kuali.org/browse/KULRICE-9595'>KULRICE-9595</link>] - Avoid running scripts on non-visible content</para>
        </listitem>
        <listitem>
          <para>[<link xlink:href='https://jira.kuali.org/browse/KULRICE-9596'>KULRICE-9596</link>] - Investigate the feasibility and implement aaData for other richTable based tables other than LightTable</para>
        </listitem>
        <listitem>
          <para>[<link xlink:href='https://jira.kuali.org/browse/KULRICE-9598'>KULRICE-9598</link>] - Validation framework improvement to cut data that is determined to be default</para>
        </listitem>
        <listitem>
          <para>[<link xlink:href='https://jira.kuali.org/browse/KULRICE-9599'>KULRICE-9599</link>] - Validation framework improvement for handling collections differently</para>
        </listitem>
        <listitem>
          <para>[<link xlink:href='https://jira.kuali.org/browse/KULRICE-9612'>KULRICE-9612</link>] - Reimplement cloning to use component clone method</para>
        </listitem>
        <listitem>
          <para>[<link xlink:href='https://jira.kuali.org/browse/KULRICE-9693'>KULRICE-9693</link>] - topGroup AND View header needs to display updated information (ie. when a page loads, not just the view)</para>
        </listitem>
        <listitem>
          <para>[<link xlink:href='https://jira.kuali.org/browse/KULRICE-9780'>KULRICE-9780</link>] - Remove final from methods in KRAD MaintenanceDocumentAuthorizerBase</para>
        </listitem>
        <listitem>
          <para>[<link xlink:href='https://jira.kuali.org/browse/KULRICE-9873'>KULRICE-9873</link>] - Add property replacer support to data dictionary so config properties can be resolved at bean load time</para>
        </listitem>
        <listitem>
          <para>[<link xlink:href='https://jira.kuali.org/browse/KULRICE-9911'>KULRICE-9911</link>] - Masked values should not be sortable in tables and should not be returned for json backed table data</para>
        </listitem>
      </itemizedlist>
    </para>
</section>


<section>
  <title>New Feature</title>
    <para>
      <itemizedlist>
        <listitem>
          <para>[<link xlink:href='https://jira.kuali.org/browse/KULRICE-5804'>KULRICE-5804</link>] - Ability to configure results limits differently for different lookups needs to be added to KRAD - it was contributed for KNS in KULRICE-5686</para>
        </listitem>
        <listitem>
          <para>[<link xlink:href='https://jira.kuali.org/browse/KULRICE-8919'>KULRICE-8919</link>] - Create krad-data module</para>
        </listitem>
        <listitem>
          <para>[<link xlink:href='https://jira.kuali.org/browse/KULRICE-8921'>KULRICE-8921</link>] - Implement ProviderBasedDataObjectService and ProviderRegistry</para>
        </listitem>
        <listitem>
          <para>[<link xlink:href='https://jira.kuali.org/browse/KULRICE-9168'>KULRICE-9168</link>] - Add js function to show group content in tooltip</para>
        </listitem>
      </itemizedlist>
    </para>
</section>


<section>
  <title>Task</title>
    <para>
      <itemizedlist>
        <listitem>
          <para>[<link xlink:href='https://jira.kuali.org/browse/KULRICE-1993'>KULRICE-1993</link>] - Create a reference guide for our Ingestable XML configuration (DocumentType, RuleAttribute, etc.)</para>
        </listitem>
        <listitem>
          <para>[<link xlink:href='https://jira.kuali.org/browse/KULRICE-5389'>KULRICE-5389</link>] - Lookup - Implement lookup options</para>
        </listitem>
        <listitem>
          <para>[<link xlink:href='https://jira.kuali.org/browse/KULRICE-5390'>KULRICE-5390</link>] - Lookup - Implement search field conversions</para>
        </listitem>
        <listitem>
          <para>[<link xlink:href='https://jira.kuali.org/browse/KULRICE-5391'>KULRICE-5391</link>] - Lookup - Implement messages for results</para>
        </listitem>
        <listitem>
          <para>[<link xlink:href='https://jira.kuali.org/browse/KULRICE-5399'>KULRICE-5399</link>] - Lookup - Should use SortDefinition and perform default sort</para>
        </listitem>
        <listitem>
          <para>[<link xlink:href='https://jira.kuali.org/browse/KULRICE-5599'>KULRICE-5599</link>] - Multi-Value Lookups: Implement Select/Deselect All Pages</para>
        </listitem>
        <listitem>
          <para>[<link xlink:href='https://jira.kuali.org/browse/KULRICE-6015'>KULRICE-6015</link>] - Document the various Rice KIM permissions</para>
        </listitem>
        <listitem>
          <para>[<link xlink:href='https://jira.kuali.org/browse/KULRICE-6062'>KULRICE-6062</link>] - User's Guide: Review/Add Content to KRMS Chapter</para>
        </listitem>
        <listitem>
          <para>[<link xlink:href='https://jira.kuali.org/browse/KULRICE-6064'>KULRICE-6064</link>] - Technical Guide: Review/Add Content to KRAD_GUIDE and its Chapters</para>
        </listitem>
        <listitem>
          <para>[<link xlink:href='https://jira.kuali.org/browse/KULRICE-6065'>KULRICE-6065</link>] - Technical Guide: Review/Add Content to KRMS Chapter</para>
        </listitem>
        <listitem>
          <para>[<link xlink:href='https://jira.kuali.org/browse/KULRICE-6066'>KULRICE-6066</link>] - User's Guide: Review &amp; Update Global Chapter</para>
        </listitem>
        <listitem>
          <para>[<link xlink:href='https://jira.kuali.org/browse/KULRICE-6070'>KULRICE-6070</link>] -  User's Guide: Review &amp; Update KNS Chapter</para>
        </listitem>
        <listitem>
          <para>[<link xlink:href='https://jira.kuali.org/browse/KULRICE-6071'>KULRICE-6071</link>] - User's Guide: Review &amp; Update KSB Chapter</para>
        </listitem>
        <listitem>
          <para>[<link xlink:href='https://jira.kuali.org/browse/KULRICE-6073'>KULRICE-6073</link>] - Update KEN Guide</para>
        </listitem>
        <listitem>
          <para>[<link xlink:href='https://jira.kuali.org/browse/KULRICE-6076'>KULRICE-6076</link>] - Technical Guide: Review &amp; Update KNS Chapter</para>
        </listitem>
        <listitem>
          <para>[<link xlink:href='https://jira.kuali.org/browse/KULRICE-6077'>KULRICE-6077</link>] - Technical Guide: Review &amp; Update KSB Chapter</para>
        </listitem>
        <listitem>
          <para>[<link xlink:href='https://jira.kuali.org/browse/KULRICE-6187'>KULRICE-6187</link>] - Finish Producers - User Guide</para>
        </listitem>
        <listitem>
          <para>[<link xlink:href='https://jira.kuali.org/browse/KULRICE-6197'>KULRICE-6197</link>] - Document Search - Technical Guide</para>
        </listitem>
        <listitem>
          <para>[<link xlink:href='https://jira.kuali.org/browse/KULRICE-6217'>KULRICE-6217</link>] - Document the Data Dictionary </para>
        </listitem>
        <listitem>
          <para>[<link xlink:href='https://jira.kuali.org/browse/KULRICE-7347'>KULRICE-7347</link>] - KRAD Javadocs</para>
        </listitem>
        <listitem>
          <para>[<link xlink:href='https://jira.kuali.org/browse/KULRICE-7348'>KULRICE-7348</link>] - KRAD Javadocs</para>
        </listitem>
        <listitem>
          <para>[<link xlink:href='https://jira.kuali.org/browse/KULRICE-7991'>KULRICE-7991</link>] - Refactor client side state handling</para>
        </listitem>
        <listitem>
          <para>[<link xlink:href='https://jira.kuali.org/browse/KULRICE-7998'>KULRICE-7998</link>] - Rewrite how Dirty Fields Work</para>
        </listitem>
        <listitem>
          <para>[<link xlink:href='https://jira.kuali.org/browse/KULRICE-8431'>KULRICE-8431</link>] - Performance: perform expression function setup only once per lifecycle</para>
        </listitem>
        <listitem>
          <para>[<link xlink:href='https://jira.kuali.org/browse/KULRICE-8433'>KULRICE-8433</link>] - Performance: remove quickfinder and inquiry initialization from base beans</para>
        </listitem>
        <listitem>
          <para>[<link xlink:href='https://jira.kuali.org/browse/KULRICE-8445'>KULRICE-8445</link>] - Pull out KRAD into a separate project</para>
        </listitem>
        <listitem>
          <para>[<link xlink:href='https://jira.kuali.org/browse/KULRICE-8630'>KULRICE-8630</link>] - Rewrite history and breadcrumbs functionality</para>
        </listitem>
        <listitem>
          <para>[<link xlink:href='https://jira.kuali.org/browse/KULRICE-8632'>KULRICE-8632</link>] - Add KRAD Database Diagram</para>
        </listitem>
        <listitem>
          <para>[<link xlink:href='https://jira.kuali.org/browse/KULRICE-8633'>KULRICE-8633</link>] - Schema Spy links not currently working</para>
        </listitem>
        <listitem>
          <para>[<link xlink:href='https://jira.kuali.org/browse/KULRICE-8637'>KULRICE-8637</link>] - Find way to hide specific sections from the table of contents in DocBook</para>
        </listitem>
        <listitem>
          <para>[<link xlink:href='https://jira.kuali.org/browse/KULRICE-8665'>KULRICE-8665</link>] - KRAD Chapter: Common format for Keyword</para>
        </listitem>
        <listitem>
          <para>[<link xlink:href='https://jira.kuali.org/browse/KULRICE-8690'>KULRICE-8690</link>] - Uif-BaseTheme-parentBean defaults to minimized js which are difficult to debug</para>
        </listitem>
        <listitem>
          <para>[<link xlink:href='https://jira.kuali.org/browse/KULRICE-8739'>KULRICE-8739</link>] - Perform analysis of the KNS lookup framework</para>
        </listitem>
        <listitem>
          <para>[<link xlink:href='https://jira.kuali.org/browse/KULRICE-8792'>KULRICE-8792</link>] - Perform analysis of the KNS inquiry framework</para>
        </listitem>
        <listitem>
          <para>[<link xlink:href='https://jira.kuali.org/browse/KULRICE-8827'>KULRICE-8827</link>] - Dialog methods in UifControllerBase should not throw exception</para>
        </listitem>
        <listitem>
          <para>[<link xlink:href='https://jira.kuali.org/browse/KULRICE-8828'>KULRICE-8828</link>] - Dialog group bean definition should force session presistence</para>
        </listitem>
        <listitem>
          <para>[<link xlink:href='https://jira.kuali.org/browse/KULRICE-8866'>KULRICE-8866</link>] - Improved sessions support (restore when session dies, multiple user tab support)</para>
        </listitem>
        <listitem>
          <para>[<link xlink:href='https://jira.kuali.org/browse/KULRICE-8868'>KULRICE-8868</link>] - Page Titling Redesign</para>
        </listitem>
        <listitem>
          <para>[<link xlink:href='https://jira.kuali.org/browse/KULRICE-8876'>KULRICE-8876</link>] - Backbutton support for js actions (pushing history of js actions to browser history)</para>
        </listitem>
        <listitem>
          <para>[<link xlink:href='https://jira.kuali.org/browse/KULRICE-8877'>KULRICE-8877</link>] - UI boilerplate elements - make always in view (left nav, buttons, breadcrumbs), while others scroll away or collapse</para>
        </listitem>
        <listitem>
          <para>[<link xlink:href='https://jira.kuali.org/browse/KULRICE-8894'>KULRICE-8894</link>] - "Synchronous" behavior w/in KRAD</para>
        </listitem>
        <listitem>
          <para>[<link xlink:href='https://jira.kuali.org/browse/KULRICE-8912'>KULRICE-8912</link>] - allow for setting a freeze point on scrolling (aka sticky headers and footers).</para>
        </listitem>
        <listitem>
          <para>[<link xlink:href='https://jira.kuali.org/browse/KULRICE-8917'>KULRICE-8917</link>] - Iterate on validation framework UI</para>
        </listitem>
        <listitem>
          <para>[<link xlink:href='https://jira.kuali.org/browse/KULRICE-9038'>KULRICE-9038</link>] - Lookup - execute search when hitting enter while in any of the criteria text fields</para>
        </listitem>
        <listitem>
          <para>[<link xlink:href='https://jira.kuali.org/browse/KULRICE-9039'>KULRICE-9039</link>] - Lookup - Automatic inclusion of criteria for the "active" attribute when the BO class implements the Inactivateable interface</para>
        </listitem>
        <listitem>
          <para>[<link xlink:href='https://jira.kuali.org/browse/KULRICE-9040'>KULRICE-9040</link>] - Lookup - add triggerOnChange property on LookupCriteriaInputField that will trigger search on change of that field</para>
        </listitem>
        <listitem>
          <para>[<link xlink:href='https://jira.kuali.org/browse/KULRICE-9072'>KULRICE-9072</link>] - Conditionally render lookup criteria field</para>
        </listitem>
        <listitem>
          <para>[<link xlink:href='https://jira.kuali.org/browse/KULRICE-9076'>KULRICE-9076</link>] - Fix Criteria Masking on Lookups with encrypted fields</para>
        </listitem>
        <listitem>
          <para>[<link xlink:href='https://jira.kuali.org/browse/KULRICE-9126'>KULRICE-9126</link>] - README.txt in project root has out of date information for launching from Eclipse</para>
        </listitem>
        <listitem>
          <para>[<link xlink:href='https://jira.kuali.org/browse/KULRICE-9164'>KULRICE-9164</link>] - Multi-Value Lookup</para>
        </listitem>
        <listitem>
          <para>[<link xlink:href='https://jira.kuali.org/browse/KULRICE-9171'>KULRICE-9171</link>] - Add field hiding to grid layout</para>
        </listitem>
        <listitem>
          <para>[<link xlink:href='https://jira.kuali.org/browse/KULRICE-9184'>KULRICE-9184</link>] - Add 'order by' to CriteriaLookup</para>
        </listitem>
        <listitem>
          <para>[<link xlink:href='https://jira.kuali.org/browse/KULRICE-9197'>KULRICE-9197</link>] - KRAD 2.2.0 Maintenance Document: Not indicating changed fields</para>
        </listitem>
        <listitem>
          <para>[<link xlink:href='https://jira.kuali.org/browse/KULRICE-9224'>KULRICE-9224</link>] - QuickFinder without Lightbox</para>
        </listitem>
        <listitem>
          <para>[<link xlink:href='https://jira.kuali.org/browse/KULRICE-9227'>KULRICE-9227</link>] - Correct spelling of suppressed</para>
        </listitem>
        <listitem>
          <para>[<link xlink:href='https://jira.kuali.org/browse/KULRICE-9237'>KULRICE-9237</link>] - Restructure sections on clustering and session document service</para>
        </listitem>
        <listitem>
          <para>[<link xlink:href='https://jira.kuali.org/browse/KULRICE-9239'>KULRICE-9239</link>] - Correct KRAD Guide on using UIF functions</para>
        </listitem>
        <listitem>
          <para>[<link xlink:href='https://jira.kuali.org/browse/KULRICE-9240'>KULRICE-9240</link>] - UifBooleanEditor Property Editor formatted string values </para>
        </listitem>
        <listitem>
          <para>[<link xlink:href='https://jira.kuali.org/browse/KULRICE-9254'>KULRICE-9254</link>] - Add striping to the tables for easier readability</para>
        </listitem>
        <listitem>
          <para>[<link xlink:href='https://jira.kuali.org/browse/KULRICE-9260'>KULRICE-9260</link>] - Upgrade jquery-form from 2.64 to 3.31.0</para>
        </listitem>
        <listitem>
          <para>[<link xlink:href='https://jira.kuali.org/browse/KULRICE-9263'>KULRICE-9263</link>] - Remove unnecessary references to System.exit() in our code base</para>
        </listitem>
        <listitem>
          <para>[<link xlink:href='https://jira.kuali.org/browse/KULRICE-9267'>KULRICE-9267</link>] - Change build process so generated files are placed under /target</para>
        </listitem>
        <listitem>
          <para>[<link xlink:href='https://jira.kuali.org/browse/KULRICE-9273'>KULRICE-9273</link>] - Remove dash from Javadoc parameters in krad uif</para>
        </listitem>
        <listitem>
          <para>[<link xlink:href='https://jira.kuali.org/browse/KULRICE-9277'>KULRICE-9277</link>] - Add support to set autocomplete=off on a input field or all input fields of the page</para>
        </listitem>
        <listitem>
          <para>[<link xlink:href='https://jira.kuali.org/browse/KULRICE-9278'>KULRICE-9278</link>] - Update documentation per 2.3 restructure for KRAD split</para>
        </listitem>
        <listitem>
          <para>[<link xlink:href='https://jira.kuali.org/browse/KULRICE-9280'>KULRICE-9280</link>] - Split Release Documentation into module-based books</para>
        </listitem>
        <listitem>
          <para>[<link xlink:href='https://jira.kuali.org/browse/KULRICE-9293'>KULRICE-9293</link>] - JavaScript error on QuickFinder inside Collections</para>
        </listitem>
        <listitem>
          <para>[<link xlink:href='https://jira.kuali.org/browse/KULRICE-9294'>KULRICE-9294</link>] - Active indicator is not set properly on maintenance documents</para>
        </listitem>
        <listitem>
          <para>[<link xlink:href='https://jira.kuali.org/browse/KULRICE-9298'>KULRICE-9298</link>] - Update KRMS Guide</para>
        </listitem>
        <listitem>
          <para>[<link xlink:href='https://jira.kuali.org/browse/KULRICE-9310'>KULRICE-9310</link>] - Update KEN Guide: Expand notification documentation</para>
        </listitem>
        <listitem>
          <para>[<link xlink:href='https://jira.kuali.org/browse/KULRICE-9313'>KULRICE-9313</link>] - Perform experiment on cloning for performance improvements</para>
        </listitem>
        <listitem>
          <para>[<link xlink:href='https://jira.kuali.org/browse/KULRICE-9314'>KULRICE-9314</link>] - Update KRMS Guide: restructure graphic file org</para>
        </listitem>
        <listitem>
          <para>[<link xlink:href='https://jira.kuali.org/browse/KULRICE-9315'>KULRICE-9315</link>] - Breadcrumb Link incorrectly inheriting fieds as request params after page change</para>
        </listitem>
        <listitem>
          <para>[<link xlink:href='https://jira.kuali.org/browse/KULRICE-9318'>KULRICE-9318</link>] - Update KRMS Guide: Add/Update Sections For Completeness</para>
        </listitem>
        <listitem>
          <para>[<link xlink:href='https://jira.kuali.org/browse/KULRICE-9327'>KULRICE-9327</link>] - Create or Generate JUnit and TestNG Smoke Tests for WorkFlowDocTypeNavIT from Method Template Bases</para>
        </listitem>
        <listitem>
          <para>[<link xlink:href='https://jira.kuali.org/browse/KULRICE-9328'>KULRICE-9328</link>] - CLONE - Create or Generate JUnit and TestNG Smoke Tests for ConfigNameSpaceBlanketAppNavIT from Method Template Bases</para>
        </listitem>
        <listitem>
          <para>[<link xlink:href='https://jira.kuali.org/browse/KULRICE-9354'>KULRICE-9354</link>] - CLONE - Create or Generate JUnit and TestNG Smoke Tests for CreateDocTypeNavIT from Method Template Bases</para>
        </listitem>
        <listitem>
          <para>[<link xlink:href='https://jira.kuali.org/browse/KULRICE-9379'>KULRICE-9379</link>] - Add support for rendering views in KRAD without requiring a session to be established</para>
        </listitem>
        <listitem>
          <para>[<link xlink:href='https://jira.kuali.org/browse/KULRICE-9404'>KULRICE-9404</link>] - fix broken build due to license header update</para>
        </listitem>
        <listitem>
          <para>[<link xlink:href='https://jira.kuali.org/browse/KULRICE-9414'>KULRICE-9414</link>] - Update KIM Guide</para>
        </listitem>
        <listitem>
          <para>[<link xlink:href='https://jira.kuali.org/browse/KULRICE-9461'>KULRICE-9461</link>] - Fix css, nav menu collapse link, and use built in sticky header for Krad Sample App</para>
        </listitem>
        <listitem>
          <para>[<link xlink:href='https://jira.kuali.org/browse/KULRICE-9469'>KULRICE-9469</link>] - Throw exception when page contains a page in Krad</para>
        </listitem>
        <listitem>
          <para>[<link xlink:href='https://jira.kuali.org/browse/KULRICE-9476'>KULRICE-9476</link>] - When changing a page on RichTable validation is lost for the new items</para>
        </listitem>
        <listitem>
          <para>[<link xlink:href='https://jira.kuali.org/browse/KULRICE-9493'>KULRICE-9493</link>] - High level review of Rice docs for 2.3 release</para>
        </listitem>
        <listitem>
          <para>[<link xlink:href='https://jira.kuali.org/browse/KULRICE-9583'>KULRICE-9583</link>] - LightTables are still slow in IE</para>
        </listitem>
        <listitem>
          <para>[<link xlink:href='https://jira.kuali.org/browse/KULRICE-9584'>KULRICE-9584</link>] - Broken ! (not symbol) for spEL expression which will be evaluated on the client</para>
        </listitem>
        <listitem>
          <para>[<link xlink:href='https://jira.kuali.org/browse/KULRICE-9585'>KULRICE-9585</link>] - Disabled components are editable if displayed via progressive rendering.</para>
        </listitem>
        <listitem>
          <para>[<link xlink:href='https://jira.kuali.org/browse/KULRICE-9588'>KULRICE-9588</link>] - Correct KEW documentation on implementing a thin client</para>
        </listitem>
        <listitem>
          <para>[<link xlink:href='https://jira.kuali.org/browse/KULRICE-9622'>KULRICE-9622</link>] - DistributedCacheManagerDecoratorTest fails under JDK7 with Unable to reflectively invoke exhaustQueue</para>
        </listitem>
        <listitem>
          <para>[<link xlink:href='https://jira.kuali.org/browse/KULRICE-9658'>KULRICE-9658</link>] - attributeQuery does not set value correctly for radio/checkbox controls</para>
        </listitem>
        <listitem>
          <para>[<link xlink:href='https://jira.kuali.org/browse/KULRICE-9694'>KULRICE-9694</link>] - Implement both local and ajax requested Json data generation for datatables (RichTable)</para>
        </listitem>
        <listitem>
          <para>[<link xlink:href='https://jira.kuali.org/browse/KULRICE-9717'>KULRICE-9717</link>] - Add maven plugin for compiling LESS files</para>
        </listitem>
        <listitem>
          <para>[<link xlink:href='https://jira.kuali.org/browse/KULRICE-9732'>KULRICE-9732</link>] - Validation tooltips do not reappear when the error reoccurs while typing</para>
        </listitem>
        <listitem>
          <para>[<link xlink:href='https://jira.kuali.org/browse/KULRICE-9811'>KULRICE-9811</link>] - Declare official support for Java 6+ including Java 7 and update our documentation accordingly</para>
        </listitem>
        <listitem>
          <para>[<link xlink:href='https://jira.kuali.org/browse/KULRICE-9857'>KULRICE-9857</link>] - The changeset for KULRICE-9019 isn't in rice-trunk</para>
        </listitem>
        <listitem>
          <para>[<link xlink:href='https://jira.kuali.org/browse/KULRICE-9866'>KULRICE-9866</link>] - Performance issue in calculate message totals on client</para>
        </listitem>
        <listitem>
          <para>[<link xlink:href='https://jira.kuali.org/browse/KULRICE-9892'>KULRICE-9892</link>] - Enhance PeopleFlowTypeService and PeopleFlowRequestGeneratorImpl to allow resolving/accepting multiple maps of role qualifiers</para>
        </listitem>
        <listitem>
          <para>[<link xlink:href='https://jira.kuali.org/browse/KULRICE-9944'>KULRICE-9944</link>] - Sample Travel App is moving to the Component Library should be yanked from the default portal</para>
        </listitem>
        <listitem>
          <para>[<link xlink:href='https://jira.kuali.org/browse/KULRICE-9949'>KULRICE-9949</link>] - CSV and XLS export issue from collections (Safari Only)</para>
        </listitem>
        <listitem>
          <para>[<link xlink:href='https://jira.kuali.org/browse/KULRICE-9956'>KULRICE-9956</link>] - Table Layouts - MultiRow bombs out to exception report</para>
        </listitem>
        <listitem>
          <para>[<link xlink:href='https://jira.kuali.org/browse/KULRICE-9958'>KULRICE-9958</link>] - Bad ids on subcollections</para>
        </listitem>
        <listitem>
          <para>[<link xlink:href='https://jira.kuali.org/browse/KULRICE-9977'>KULRICE-9977</link>] - Inquiry links broken/point to the same inqury - copy fix</para>
        </listitem>
        <listitem>
          <para>[<link xlink:href='https://jira.kuali.org/browse/KULRICE-10018'>KULRICE-10018</link>] - Lightbox resizes after loading</para>
        </listitem>
        <listitem>
          <para>[<link xlink:href='https://jira.kuali.org/browse/KULRICE-10032'>KULRICE-10032</link>] - Remove example "Box Layout Fluid Containers" from Uif_Layout_Test</para>
        </listitem>
        <listitem>
          <para>[<link xlink:href='https://jira.kuali.org/browse/KULRICE-10060'>KULRICE-10060</link>] - Remove FFS css files for Fluid and Infusion</para>
        </listitem>
        <listitem>
          <para>[<link xlink:href='https://jira.kuali.org/browse/KULRICE-10066'>KULRICE-10066</link>] - Subcollections in details are broken when useServerPaging=true</para>
        </listitem>
        <listitem>
          <para>[<link xlink:href='https://jira.kuali.org/browse/KULRICE-10073'>KULRICE-10073</link>] - Subcollections when direct descendants of details group do not display correctly</para>
        </listitem>
        <listitem>
          <para>[<link xlink:href='https://jira.kuali.org/browse/KULRICE-10082'>KULRICE-10082</link>] - Create Rice 2.3.0 SchemaSpy documentation</para>
        </listitem>
        <listitem>
          <para>[<link xlink:href='https://jira.kuali.org/browse/KULRICE-10090'>KULRICE-10090</link>] - GridLayout does not hide rows with no content</para>
        </listitem>
        <listitem>
          <para>[<link xlink:href='https://jira.kuali.org/browse/KULRICE-10091'>KULRICE-10091</link>] - Performance problem with validation script on ajax details</para>
        </listitem>
        <listitem>
          <para>[<link xlink:href='https://jira.kuali.org/browse/KULRICE-10092'>KULRICE-10092</link>] - Problems with preSubmitCall for line actions</para>
        </listitem>
        <listitem>
          <para>[<link xlink:href='https://jira.kuali.org/browse/KULRICE-10095'>KULRICE-10095</link>] - Breadcrumbs no longer render</para>
        </listitem>
      </itemizedlist>
    </para>
</section>



        
    </section>
</article>
