<?xml version="1.0" encoding="UTF-8"?>
<!--

    Copyright 2005-2013 The Kuali Foundation

    Licensed under the Educational Community License, Version 2.0 (the "License");
    you may not use this file except in compliance with the License.
    You may obtain a copy of the License at

    http://www.opensource.org/licenses/ecl2.php

    Unless required by applicable law or agreed to in writing, software
    distributed under the License is distributed on an "AS IS" BASIS,
    WITHOUT WARRANTIES OR CONDITIONS OF ANY KIND, either express or implied.
    See the License for the specific language governing permissions and
    limitations under the License.

-->
<!DOCTYPE beans PUBLIC "-//SPRING//DTD BEAN//EN" "http://www.springframework.org/dtd/spring-beans.dtd">

<beans>

	<bean id="filterChainProxy" class="org.acegisecurity.util.FilterChainProxy">
		<property name="filterInvocationDefinitionSource">
			<value><![CDATA[
				CONVERT_URL_TO_LOWERCASE_BEFORE_COMPARISON
				PATTERN_TYPE_APACHE_ANT
				/**=channelProcessingFilter,httpSessionContextIntegrationFilter,logoutFilter,authenticationProcessingFilter,exceptionTranslationFilter,filterInvocationInterceptor
			]]></value>
		</property>
	</bean>
	

	<bean id="httpSessionContextIntegrationFilter" 
class="org.acegisecurity.context.HttpSessionContextIntegrationFilter"/>

	<bean id="logoutFilter" class="org.acegisecurity.ui.logout.LogoutFilter">
		<constructor-arg value="/exampleAcegiLogout.jsp"/> <!-- URL redirected to after logout -->
		<constructor-arg>
			<list>
				<ref bean="rememberMeServices"/>
				<bean class="org.acegisecurity.ui.logout.SecurityContextLogoutHandler"/>
			</list>
		</constructor-arg>
	</bean>

	<bean id="authenticationProcessingFilter" class="org.acegisecurity.ui.webapp.AuthenticationProcessingFilter">
		<property name="authenticationManager" ref="authenticationManager"/>
		<property name="authenticationFailureUrl" value="/exampleAcegiLogin.jsp?login_error=1"/>
		<property name="defaultTargetUrl" value="/"/>
		<property name="filterProcessesUrl" value="/j_acegi_security_check"/>
		<property name="rememberMeServices" ref="rememberMeServices"/>
	</bean>

	<bean id="securityContextHolderAwareRequestFilter" class="org.acegisecurity.wrapper.SecurityContextHolderAwareRequestFilter"/>
	
	
	<bean id="authenticationManager" class="org.acegisecurity.providers.ProviderManager">
		<property name="providers">
			<list>
				<ref local="kualiTestAuthenticationProvider"/>
				<bean class="org.acegisecurity.providers.rememberme.RememberMeAuthenticationProvider">
					<property name="key" value="changeThis"/>
				</bean>
			</list>
		</property>
	</bean>
	
	<bean id="kualiTestAuthenticationProvider" class="org.kuali.rice.kim.client.acegi.KualiTestAuthenticationProvider">
		<property name="userDetailsService" ref="userDetailsService"/>
	</bean>
	
	<bean id="rememberMeProcessingFilter" class="org.acegisecurity.ui.rememberme.RememberMeProcessingFilter">
		<property name="authenticationManager" ref="authenticationManager"/>
		<property name="rememberMeServices" ref="rememberMeServices"/>
	</bean>
	
	<bean id="rememberMeServices" class="org.acegisecurity.ui.rememberme.TokenBasedRememberMeServices">
		<property name="userDetailsService" ref="userDetailsService"/>
		<property name="key" value="changeThis"/>
	</bean>
	
	<bean id="userDetailsService" class="org.acegisecurity.userdetails.memory.InMemoryDaoImpl">
		<property name="userProperties">
			<bean class="org.springframework.beans.factory.config.PropertiesFactoryBean">
				<property name="location" value="/WEB-INF/acegi.users.properties"/>
			</bean>
		</property>
	</bean>
	
	<bean id="exceptionTranslationFilter" class="org.acegisecurity.ui.ExceptionTranslationFilter">
		<property name="authenticationEntryPoint">
			<bean class="org.acegisecurity.ui.webapp.AuthenticationProcessingFilterEntryPoint">
				<property name="loginFormUrl" value="/exampleAcegiLogin.jsp"/>
				<property name="forceHttps" value="false"/>
			</bean>
		</property>
		<property name="accessDeniedHandler">
			<bean class="org.acegisecurity.ui.AccessDeniedHandlerImpl">
				<property name="errorPage" value="/accessDenied.jsp"/>
			</bean>
		</property>
	</bean>


	<bean id="httpRequestAccessDecisionManager" class="org.acegisecurity.vote.AffirmativeBased">
   		<property name="allowIfAllAbstainDecisions"><value>false</value></property>
		<property name="decisionVoters">
		  <list>
		    <ref bean="roleVoter"/>
		  </list>
		</property>
	</bean>
	
	<bean id="roleVoter" class="org.acegisecurity.vote.RoleVoter" />

	<bean id="filterInvocationInterceptor" class="org.acegisecurity.intercept.web.FilterSecurityInterceptor">
    	<property name="authenticationManager"><ref local="authenticationManager"/></property>
    	<property name="accessDecisionManager"><ref local="httpRequestAccessDecisionManager"/></property>
 		<property name="objectDefinitionSource">
			<value>
            PATTERN_TYPE_APACHE_ANT
            /**=ROLE_USER
			</value>
		</property>
	</bean>
	   
	<!-- This bean is optional; it isn't used by any other bean as it only listens and logs -->
	<bean id="loggerListener" class="org.acegisecurity.event.authentication.LoggerListener"/>
	
</beans>
